site_name,Latitude,Longitude
1,33.26417,-81.63666
2,33.26417,-81.63666
3,33.26417,-81.63666
4,33.26417,-81.63666
5,33.26417,-81.63666
6,33.26417,-81.63666
7,33.26417,-81.63666
8,33.26417,-81.63666
9,33.26417,-81.63666
10,33.26417,-81.63666
11,33.26417,-81.63666
12,33.2016,-81.7532
13,33.2016,-81.7532
14,33.2016,-81.7532
15,33.2016,-81.7532
16,33.2016,-81.7532
17,33.2016,-81.7532
18,33.2016,-81.7532
19,33.26417,-81.63666
20,33.2016,-81.7532
21,33.2016,-81.7532
22,33.2016,-81.7532
23,33.2016,-81.7532
24,33.2016,-81.7532
25,33.2016,-81.7532
26,33.26417,-81.63666
27,33.2016,-81.7532
28,33.26417,-81.63666
29,33.2016,-81.7532
30,33.2016,-81.7532
31,33.2016,-81.7532
32,33.26417,-81.63666
33,33.2016,-81.7532
34,33.2016,-81.7532
35,33.2016,-81.7532
36,33.2016,-81.7532
37,33.2016,-81.7532
38,33.2016,-81.7532
39,33.2016,-81.7532
40,33.2016,-81.7532
41,33.2016,-81.7532
42,33.2016,-81.7532
43,33.2016,-81.7532
44,33.2016,-81.7532
45,33.26417,-81.63666
46,33.26417,-81.63666
47,33.26417,-81.63666
48,33.26417,-81.63666
49,33.26417,-81.63666
50,33.26417,-81.63666
51,33.26417,-81.63666
52,33.26417,-81.63666
53,33.26417,-81.63666
54,33.26417,-81.63666
55,33.26417,-81.63666
56,33.2016,-81.7532
57,33.2016,-81.7532
58,33.2016,-81.7532
59,33.2016,-81.7532
60,33.2016,-81.7532
61,33.2016,-81.7532
62,33.2016,-81.7532
63,33.26417,-81.63666
64,33.2016,-81.7532
65,33.2016,-81.7532
66,33.2016,-81.7532
67,33.2016,-81.7532
68,33.2016,-81.7532
69,33.2016,-81.7532
70,33.26417,-81.63666
71,33.2016,-81.7532
72,33.26417,-81.63666
73,33.2016,-81.7532
74,33.2016,-81.7532
75,33.2016,-81.7532
76,33.26417,-81.63666
77,33.2016,-81.7532
78,33.2016,-81.7532
79,33.2016,-81.7532
80,33.2016,-81.7532
81,33.2016,-81.7532
82,33.2016,-81.7532
83,33.2016,-81.7532
84,33.2016,-81.7532
85,33.2016,-81.7532
86,33.2016,-81.7532
87,33.2016,-81.7532
88,33.2016,-81.7532
89,35.93333333,103.25
90,35.93333333,103.25
91,35.93333333,103.25
92,35.93333333,103.25
93,35.93333333,103.25
94,35.93333333,103.25
95,35.93333333,103.25
96,35.93333333,103.25
97,36.41666667,104.3833333
98,36.41666667,104.3833333
99,36.41666667,104.3833333
100,36.41666667,104.3833333
101,36.41666667,104.3833333
102,36.41666667,104.3833333
103,36.41666667,104.3833333
104,36.41666667,104.3833333
105,38.14111111,-78.78444444
106,38.14111111,-78.78444444
107,38.16222,-78.85436
108,38.14111111,-78.78444444
109,38.16222,-78.85436
110,33.2852,-81.8586
111,33.2016,-81.7532
112,33.2852,-81.8586
113,33.2016,-81.7532
114,43.54594,-80.25599
115,43.5152,-80.2357
116,43.5046,-80.2303
117,43.5085,-80.2307
118,43.5145,-80.2281
119,38.14111111,-78.78444444
120,38.16222,-78.85436
121,38.14111111,-78.78444444
122,38.16222,-78.85436
123,38.14111111,-78.78444444
124,38.16222,-78.85436
125,38.14111111,-78.78444444
126,38.16222,-78.85436
127,61.1979,24.8196
128,61.1979,24.8196
129,61.1979,24.8196
130,61.1979,24.8196
131,61.1979,24.8196
132,61.1979,24.8196
133,61.1979,24.8196
134,61.1979,24.8196
135,61.1979,24.8196
136,61.1979,24.8196
137,61.1979,24.8196
138,61.1979,24.8196
139,61.1979,24.8196
140,60.3952,25.6606
141,60.3952,25.6606
142,60.3952,25.6606
143,60.3952,25.6606
144,60.3952,25.6606
145,60.3952,25.6606
146,60.3952,25.6606
147,60.3952,25.6606
148,60.3952,25.6606
149,60.3952,25.6606
150,60.3952,25.6606
151,60.3952,25.6606
152,60.2136,24.9881
153,60.2136,24.9881
154,60.2136,24.9881
155,60.2136,24.9881
156,61.6183,23.2159
157,61.6183,23.2159
158,61.6183,23.2159
159,62.5593,23.5347
160,62.5593,23.5347
161,62.5593,23.5347
162,62.5593,23.5347
163,46.1386,15.0031
164,46.1386,15.0031
165,46.0631,15.2878
166,46.0631,15.2878
167,46.0501,14.5068
168,46.0501,14.5068
169,46.0501,14.5068
170,46.0501,14.5068
171,46.0501,14.5068
172,46.0501,14.5068
173,46.0501,14.5068
174,46.0486,14.5169
175,46.0486,14.5169
176,46.0486,14.5169
177,46.0486,14.5169
178,46.0486,14.5169
179,46.0486,14.5169
180,46.0486,14.5169
181,46.0486,14.5169
182,46.0486,14.5169
183,46.0024,14.0273
184,46.0024,14.0273
185,46.0024,14.0273
186,46.0024,14.0273
187,46.0024,14.0273
188,46.0024,14.0273
189,46.0024,14.0273
190,43.84875,-72.40591
191,43.89587,-72.33396
192,43.79455,-72.3863
193,43.83337,-72.27532
194,43.88787,-72.31382
195,43.70659,-72.45939
196,43.84875,-72.40591
197,43.89587,-72.33396
198,43.79455,-72.3863
199,43.83337,-72.27532
200,43.88787,-72.31382
201,43.70659,-72.45939
202,43.84875,-72.40591
203,43.89587,-72.33396
204,43.79455,-72.3863
205,43.83337,-72.27532
206,43.88787,-72.31382
207,43.70659,-72.45939
208,43.70659,-72.45939
209,43.70659,-72.45939
210,43.70659,-72.45939
211,43.70659,-72.45939
212,50.2636,19.4359
213,50.2636,19.4359
214,50.2636,19.4359
215,50.2636,19.4359
216,50.2636,19.4359
217,50.2636,19.4359
218,50.2636,19.4359
219,50.2636,19.4359
220,50.2636,19.4359
221,50.2636,19.4359
222,50.2636,19.4359
223,50.3679,19.5127
224,50.3679,19.5127
225,50.3679,19.5127
226,50.3679,19.5127
227,50.3679,19.5127
228,50.3679,19.5127
229,50.3679,19.5127
230,50.3679,19.5127
231,50.3679,19.5127
232,50.3679,19.5127
233,50.3679,19.5127
234,-28.59083333,-49.4525
235,-28.6075,-49.58
236,19.18666667,-100.4363889
237,19.18666667,-100.4363889
238,19.18666667,-100.4363889
239,19.18666667,-100.4363889
240,33.196434,-81.741495
241,33.199509,-81.738389
242,33.29398,-81.77819
243,33.2852,-81.8586
244,33.196434,-81.741495
245,33.199509,-81.738389
246,33.29398,-81.77819
247,33.2852,-81.8586
248,16.67861111,98.59333333
249,16.67861111,98.59333333
250,16.67861111,98.59333333
251,16.67861111,98.59333333
252,16.75361111,98.59027778
253,16.75361111,98.59027778
254,16.75361111,98.59027778
255,16.75361111,98.59027778
256,42.0343,24.4704
257,42.0343,24.4704
258,42.1561,24.8973
259,42.1561,24.8973
260,33.341051,-81.722982
261,33.200012,-81.756091
262,33.218854,-81.558541
263,33.34179,-81.67245
264,33.26218,-81.63215
265,33.26496,-81.63262
266,40.7561,-7.86278
267,40.56781,-7.75841
268,-33.1037464,-66.0223986
269,-33.12168053,-66.02868607
270,-13.86111111,-40.24972222
271,-13.87333333,-40.07694444
272,-13.92055556,-40.02888889
273,-14.06805556,-39.92416667
274,-14.13416667,-39.76333333
275,44.33306,-68.25411
276,44.33306,-68.25411
277,44.33306,-68.25411
278,44.33306,-68.25411
279,44.33306,-68.25411
280,44.33306,-68.25411
281,44.33306,-68.25411
282,44.33306,-68.25411
283,44.33306,-68.25411
284,44.33306,-68.25411
285,44.33306,-68.25411
286,44.33306,-68.25411
287,44.33306,-68.25411
288,44.33306,-68.25411
289,44.33306,-68.25411
290,44.33306,-68.25411
291,44.33306,-68.25411
292,44.33306,-68.25411
293,44.33306,-68.25411
294,44.33306,-68.25411
295,44.33306,-68.25411
296,44.33306,-68.25411
297,44.33306,-68.25411
298,44.33306,-68.25411
299,44.33306,-68.25411
300,44.33306,-68.25411
301,39.32261,-76.63925
302,33.2016,-81.7532
303,39.32261,-76.63925
304,33.2016,-81.7532
305,39.32261,-76.63925
306,33.2016,-81.7532
307,49.660121,-93.727616
308,49.660121,-93.727616
309,44.35,-68.21666667
310,44.35,-68.21666667
311,40.64451667,49.53968333
312,40.62336667,49.57826667
313,40.61428333,49.62133333
314,40.59646667,49.62833333
315,40.60633333,49.67461667
316,40.57446667,49.71881667
317,40.88353333,48.99666667
318,39.94628333,48.91766667
319,33.340487,-81.718261
320,33.334795,-81.717521
321,33.327436,-81.718229
322,33.305667,-81.711749
323,33.29493,-81.70408
324,33.29223,-81.70148
325,33.29223,-81.70148
326,-22.46566816,-43.00171717
327,-22.46566816,-43.00171717
328,-22.46566816,-43.00171717
329,-22.46566816,-43.00171717
330,-22.46566816,-43.00171717
331,-22.46566816,-43.00171717
332,-22.46566816,-43.00171717
333,-22.46566816,-43.00171717
334,-22.46566816,-43.00171717
335,-22.46566816,-43.00171717
336,-22.46566816,-43.00171717
337,-22.46566816,-43.00171717
338,-22.46566816,-43.00171717
339,-22.46566816,-43.00171717
340,-22.46566816,-43.00171717
341,-22.46566816,-43.00171717
342,-22.46566816,-43.00171717
343,-22.46566816,-43.00171717
344,-22.46566816,-43.00171717
345,-22.46566816,-43.00171717
346,-22.46566816,-43.00171717
347,-22.46566816,-43.00171717
348,-22.46566816,-43.00171717
349,-22.46566816,-43.00171717
350,-22.46566816,-43.00171717
351,-22.46566816,-43.00171717
352,-22.46566816,-43.00171717
353,-22.46566816,-43.00171717
354,-22.46566816,-43.00171717
355,-22.46566816,-43.00171717
356,31.5326,-111.25694
357,31.571296,-111.32295
358,31.57168,-111.32745
359,31.58858,-111.35989
360,36.42731667,104.3904667
361,36.42731667,104.3904667
362,36.42731667,104.3904667
363,36.42731667,104.3904667
364,36.42731667,104.3904667
365,36.42731667,104.3904667
366,36.42731667,104.3904667
367,36.42731667,104.3904667
368,36.42731667,104.3904667
369,36.42731667,104.3904667
370,45.57166,15.14714
371,45.57166,15.14714
372,45.57166,15.14714
373,45.57166,15.14714
374,45.57166,15.14714
375,45.57166,15.14714
376,45.57166,15.14714
377,45.57166,15.14714
378,45.57166,15.14714
379,45.57166,15.14714
380,45.57166,15.14714
381,40.573703,-105.84412
382,40.573703,-105.84412
383,40.573703,-105.84412
384,40.573703,-105.84412
385,40.573703,-105.84412
386,40.573703,-105.84412
387,40.573703,-105.84412
388,40.573703,-105.84412
389,40.573703,-105.84412
390,40.573703,-105.84412
391,40.573703,-105.84412
392,40.573703,-105.84412
393,40.573703,-105.84412
394,40.573703,-105.84412
395,40.573703,-105.84412
396,40.573703,-105.84412
397,40.573703,-105.84412
398,40.573703,-105.84412
399,40.573703,-105.84412
400,40.573703,-105.84412
401,40.573703,-105.84412
402,40.573703,-105.84412
403,40.573703,-105.84412
404,40.573703,-105.84412
405,40.573703,-105.84412
406,40.573703,-105.84412
407,40.573703,-105.84412
408,40.573703,-105.84412
409,40.573703,-105.84412
410,40.573703,-105.84412
411,40.573703,-105.84412
412,40.573703,-105.84412
413,40.573703,-105.84412
414,40.573703,-105.84412
415,40.573703,-105.84412
416,40.573703,-105.84412
417,40.573703,-105.84412
418,40.573703,-105.84412
419,40.573703,-105.84412
420,40.573703,-105.84412
421,40.573703,-105.84412
422,40.573703,-105.84412
423,40.573703,-105.84412
424,40.573703,-105.84412
425,40.573703,-105.84412
426,40.58363,-105.845715
427,40.58363,-105.845715
428,40.58363,-105.845715
429,40.58363,-105.845715
430,40.58363,-105.845715
431,40.58363,-105.845715
432,40.58363,-105.845715
433,40.58363,-105.845715
434,40.58363,-105.845715
435,40.58363,-105.845715
436,40.58363,-105.845715
437,40.58363,-105.845715
438,40.58363,-105.845715
439,40.58363,-105.845715
440,40.58363,-105.845715
441,40.58363,-105.845715
442,40.58363,-105.845715
443,40.58363,-105.845715
444,40.58363,-105.845715
445,40.58363,-105.845715
446,40.58363,-105.845715
447,40.58363,-105.845715
448,40.58363,-105.845715
449,40.58363,-105.845715
450,40.58363,-105.845715
451,40.58363,-105.845715
452,40.58363,-105.845715
453,40.58363,-105.845715
454,40.58363,-105.845715
455,40.58363,-105.845715
456,40.58363,-105.845715
457,40.58363,-105.845715
458,40.58363,-105.845715
459,40.58363,-105.845715
460,40.58363,-105.845715
461,40.58363,-105.845715
462,40.58363,-105.845715
463,40.58363,-105.845715
464,40.58363,-105.845715
465,40.58363,-105.845715
466,40.58363,-105.845715
467,40.58363,-105.845715
468,40.58363,-105.845715
469,40.58363,-105.845715
470,40.58363,-105.845715
471,40.58363,-105.845715
472,40.58363,-105.845715
473,40.58363,-105.845715
474,40.58363,-105.845715
475,40.58363,-105.845715
476,40.58363,-105.845715
477,36.95236,-6.27439
478,33.30666,-81.78115
479,33.26794,-81.62031
480,33.289893,-81.48183
481,33.23899,-81.48757
482,33.22986,-81.52431
483,33.22259,-81.54188
484,33.1645,-81.66172
485,33.1585,-81.65627
486,33.13849,-81.63833
487,33.16581,-81.73002
488,39.83052778,41.02788889
489,39.87469444,41.12425
490,39.95151919,41.17655556
491,39.01166667,-122.3611111
492,39.01166667,-122.3611111
493,44.35,-68.21666667
494,44.35,-68.21666667
495,44.35,-68.21666667
496,44.35,-68.21666667
497,44.35,-68.21666667
498,44.35,-68.21666667
499,44.35,-68.21666667
500,44.35,-68.21666667
501,44.35,-68.21666667
502,17.29574,101.75709
503,17.29574,101.75709
504,17.29574,101.75709
505,17.29574,101.75709
506,17.29574,101.75709
507,56.370912,43.777608
508,56.311944,43.848889
509,21.46666667,110.25
510,32.5375,74.43333333
511,32.4434,74.18514
512,32.5375,74.43333333
513,32.4434,74.18514
514,41.624,21.72
515,45.60331944,20.05206111
516,44.74889722,20.73956667
517,45.183875,19.81974167
518,35.88263889,-112.0957
519,47.5,19.23333333
520,47.55,21.61666667
521,48.05,20.33333333
522,6.844815,79.893136
523,6.68801,79.95266
524,6.833333333,79.9
525,7.016666667,79.86666667
526,45.60319444,27.47
527,44.73473056,20.73956667
528,27.5699,109.24202
529,27.535365,109.308584
530,27.596073,109.35128
531,27.678018,109.411157
532,16.4308,102.8368
533,16.4308,102.8368
534,16.4308,102.8368
535,16.4308,102.8368
536,16.4308,102.8368
537,35.31222222,133.9358333
538,35.31222222,133.9358333
539,35.31222222,133.9358333
540,35.31222222,133.9358333
541,35.31222222,133.9358333
542,35.31222222,133.9358333
543,39.73419,-5.91391
544,49.81666667,25.38333333
545,49.81666667,25.38333333
546,49.81666667,25.38333333
547,49.55,25.61666667
548,49.55,25.61666667
549,49.55,25.61666667
550,18.46618,-98.97939
551,18.47196,-99.04578
552,18.47008,-99.04201
553,18.43558,-99.01986
554,18.43302,-99.02001
555,18.46618,-98.97939
556,18.47196,-99.04578
557,18.47008,-99.04201
558,18.43558,-99.01986
559,18.43302,-99.02001
560,18.46618,-98.97939
561,18.47196,-99.04578
562,18.47008,-99.04201
563,18.43558,-99.01986
564,18.43302,-99.02001
565,18.46618,-98.97939
566,18.47196,-99.04578
567,18.47008,-99.04201
568,18.43558,-99.01986
569,18.43302,-99.02001
570,33.2016,-81.7532
571,33.2016,-81.7532
572,33.2016,-81.7532
573,33.2016,-81.7532
574,33.2016,-81.7532
575,33.2016,-81.7532
576,33.2016,-81.7532
577,33.2016,-81.7532
578,39.33438,16.535475
579,39.1934,16.8712
580,39.20412,17.14663
581,33.22404,-81.74678
582,33.22404,-81.74678
583,33.22404,-81.74678
584,33.22404,-81.74678
585,33.19765,-81.75231
586,33.19765,-81.75231
587,33.19765,-81.75231
588,33.19765,-81.75231
589,33.22404,-81.74678
590,33.22404,-81.74678
591,33.22404,-81.74678
592,33.22404,-81.74678
593,33.19765,-81.75231
594,33.19765,-81.75231
595,33.19765,-81.75231
596,33.19765,-81.75231
597,33.22404,-81.74678
598,33.22404,-81.74678
599,33.22404,-81.74678
600,33.22404,-81.74678
601,33.19765,-81.75231
602,33.19765,-81.75231
603,33.19428,-81.74154
604,33.19428,-81.74154
605,36.26525278,7.875486111
606,36.25401667,7.949605556
607,36.27968889,7.974158333
608,22.93804101,107.2638423
609,22.95073626,107.26203
610,22.9309422,107.3408111
611,22.8976029,107.3130167
612,22.51759004,106.9021268
613,22.50779038,106.9788717
614,22.95073626,107.26203
615,22.8976029,107.3130167
616,22.50779038,106.9788717
617,22.8976029,107.3130167
618,29.27322,117.62306
619,29.0466,117.8325
620,29.27322,117.62306
621,29.0466,117.8325
622,32.25527778,-64.86805556
623,32.25138889,-64.85361111
624,32.2725,-64.79694444
625,32.285,-64.77666667
626,32.2995,-64.74584
627,32.371213,-64.697126
628,32.386922,-64.673088
629,32.371213,-64.697126
630,32.323625,-64.737676
631,32.2941,-64.78518
632,32.2941,-64.78518
633,32.2941,-64.78518
634,32.2941,-64.78518
635,32.2941,-64.78518
636,32.2941,-64.78518
637,40.74734,-75.7479
638,40.7862,-75.64207
639,40.82297,-75.472
640,40.83122,-75.41179
641,31.21907333,31.91576
642,31.21907333,31.91576
643,29.72745514,31.29913829
644,29.72745514,31.29913829
645,41.057517,29.385143
646,40.127834,28.937541
647,38.571002,27.500679
648,37.01952,30.306161
649,37.730401,30.232428
650,38.151367,30.757485
651,36.642716,35.484053
652,38.2608,35.210554
653,37.169662,38.877016
654,39.698238,39.535152
655,41.244542,36.532805
656,33.28491,48.87783
657,33.48372,48.58927
658,33.9989,49.4629
659,34.54806,45.76424
660,35.5462,46.1316
661,37.4372,46.2363
662,33.3661,49.7279
663,37.0716,48.631
664,38.12456,46.2818
665,38.2473,48.298
666,33.4652,48.8308
667,32.1954,48.3948
668,31.2284,50.7888
669,30.5741,51.5695
670,30.5711,48.8074
671,33.81317,47.84949
672,29.760857,31.296144
673,29.73614,31.29001
674,29.717184,31.295811
675,29.74605,31.29026
676,29.717184,31.295811
677,29.69461,31.31215
678,29.67433,31.31455
679,30.64934,-96.370777
680,30.64127,-96.36091
681,30.56459,-96.36731
682,30.56459,-96.36731
683,34.09166667,-102
684,33.93333333,-101.1666667
685,34.25,-102.8333333
686,34.09166667,-102
687,33.93333333,-101.1666667
688,34.25,-102.8333333
689,36.43416667,103.9
690,36.43416667,103.9
691,36.43416667,103.9
692,35.93333333,103.25
693,35.93333333,103.25
694,35.93333333,103.25
695,19.18666667,-100.4363889
696,44.73333333,132.2333333
697,44.73333333,132.2333333
698,44.73333333,132.2333333
699,44.73580278,19.98768611
700,44.73580278,19.98768611
701,44.73580278,19.98768611
702,49.2607437,-102.5307655
703,46.0225,-73.0488
704,45.40436,-72.67731
705,45.28588,-72.97943
706,45.4953,-72.6272
707,45.417,-72.9252
708,49.2607437,-102.5307655
709,45.40436,-72.67731
710,45.28588,-72.97943
711,45.4953,-72.6272
712,49.2607437,-102.5307655
713,46.0225,-73.0488
714,45.40436,-72.67731
715,45.28588,-72.97943
716,45.4953,-72.6272
717,-13.86111111,-40.24972222
718,-13.87333333,-40.07694444
719,-13.92055556,-40.02888889
720,-14.06805556,-39.92416667
721,-14.13416667,-39.76333333
722,6.514166667,3.3925
723,6.514166667,3.3925
724,6.514166667,3.3925
725,6.514166667,3.3925
726,6.518611111,3.401111111
727,6.518611111,3.401111111
728,6.518611111,3.401111111
729,6.518611111,3.401111111
730,6.529444444,3.397222222
731,6.529444444,3.397222222
732,6.529444444,3.397222222
733,6.529444444,3.397222222
734,38.32396,-122.58018
735,46.097091,-114.26404
736,46.097091,-114.26404
737,46.097091,-114.26404
738,43.83294,-110.35469
739,43.83294,-110.35469
740,43.83294,-110.35469
741,43.83189,-110.35502
742,43.83189,-110.35502
743,43.84527,-110.32977
744,43.83189,-110.35502
745,43.82993,-110.35448
746,43.84527,-110.32977
747,43.84527,-110.32977
748,40.5739,-105.8438
749,40.5739,-105.8438
750,40.5739,-105.8438
751,40.5739,-105.8438
752,40.5739,-105.8438
753,58.623681,-94.230338
754,58.733556,-93.808002
755,58.715733,-93.836801
756,46.896184,-113.441161
757,46.896184,-113.441161
758,46.896184,-113.441161
759,39.75485,-123.63111
760,39.75485,-123.63111
761,39.75485,-123.63111
762,39.75485,-123.63111
763,39.75485,-123.63111
764,39.75485,-123.63111
765,58.711897,-93.838297
766,58.761982,-94.010581
767,58.755103,-93.849966
768,44.029686,-121.746355
769,44.029686,-121.746355
770,44.029686,-121.746355
771,44.029686,-121.746355
772,44.029686,-121.746355
773,44.029686,-121.746355
774,44.029686,-121.746355
775,44.029686,-121.746355
776,58.729153,-93.76871205
777,43.813106,-121.777131
778,38.32396,-122.58018
779,38.32396,-122.58018
780,43.733332,-121.491035
781,58.711897,-93.838297
782,58.711897,-93.838297
783,58.768291,-94.168464
784,58.768291,-94.168464
785,58.768291,-94.168464
786,34.54662,-118.5135
787,34.54662,-118.5135
788,34.54662,-118.5135
789,34.54662,-118.5135
790,34.54662,-118.5135
791,34.54662,-118.5135
792,34.54662,-118.5135
793,34.54662,-118.5135
794,34.54662,-118.5135
795,34.54662,-118.5135
796,46.1759165,-114.2645003
797,46.1759165,-114.2645003
798,30.42367,-91.64534
799,30.42367,-91.64534
800,30.42367,-91.64534
801,30.42367,-91.64534
802,30.42367,-91.64534
803,30.42367,-91.64534
804,30.42367,-91.64534
805,30.42367,-91.64534
806,30.42367,-91.64534
807,30.42367,-91.64534
808,46.896184,-113.441161
809,46.896184,-113.441161
810,30.27523,-91.80227
811,30.27523,-91.80227
812,30.27523,-91.80227
813,30.27523,-91.80227
814,30.27523,-91.80227
815,30.27523,-91.80227
816,30.27523,-91.80227
817,30.27523,-91.80227
818,30.27523,-91.80227
819,30.27523,-91.80227
820,30.27523,-91.80227
821,30.27523,-91.80227
822,30.27523,-91.80227
823,30.27523,-91.80227
824,30.27523,-91.80227
825,30.27523,-91.80227
826,30.27523,-91.80227
827,30.27523,-91.80227
828,30.27523,-91.80227
829,30.27523,-91.80227
830,30.27523,-91.80227
831,30.27523,-91.80227
832,30.27523,-91.80227
833,30.27523,-91.80227
834,30.27523,-91.80227
835,30.27523,-91.80227
836,30.27523,-91.80227
837,30.27523,-91.80227
838,30.27523,-91.80227
839,30.27523,-91.80227
840,30.27523,-91.80227
841,44.371,-121.355
842,44.371,-121.355
843,44.371,-121.355
844,44.371,-121.355
845,44.371,-121.355
846,44.371,-121.355
847,44.371,-121.355
848,44.371,-121.355
849,44.371,-121.355
850,44.371,-121.355
851,44.371,-121.355
852,44.371,-121.355
853,44.371,-121.355
854,44.371,-121.355
855,44.371,-121.355
856,44.371,-121.355
857,44.371,-121.355
858,44.371,-121.355
859,44.371,-121.355
860,44.371,-121.355
861,44.371,-121.355
862,44.371,-121.355
863,44.371,-121.355
864,44.371,-121.355
865,44.371,-121.355
866,43.8761,-110.5486
867,43.8761,-110.5486
868,43.8761,-110.5486
869,43.8761,-110.5486
870,43.8761,-110.5486
871,43.8761,-110.5486
872,43.8761,-110.5486
873,43.8761,-110.5486
874,43.8761,-110.5486
875,43.8761,-110.5486
876,43.8761,-110.5486
877,43.8761,-110.5486
878,43.8761,-110.5486
879,43.8761,-110.5486
880,43.8761,-110.5486
881,43.8761,-110.5486
882,43.8761,-110.5486
883,43.8761,-110.5486
884,43.8761,-110.5486
885,43.8761,-110.5486
886,43.8761,-110.5486
887,43.8761,-110.5486
888,43.8761,-110.5486
889,43.8761,-110.5486
890,43.8761,-110.5486
891,43.8761,-110.5486
892,43.8761,-110.5486
893,43.8761,-110.5486
894,43.8761,-110.5486
895,43.8761,-110.5486
896,43.8761,-110.5486
897,43.8761,-110.5486
898,43.8761,-110.5486
899,43.8761,-110.5486
900,43.8761,-110.5486
901,43.8761,-110.5486
902,43.8761,-110.5486
903,43.8761,-110.5486
904,43.8761,-110.5486
905,43.8761,-110.5486
906,43.8761,-110.5486
907,46.53,-113.03
908,46.53,-113.03
909,46.53,-113.03
910,46.53,-113.03
911,46.53,-113.03
912,46.53,-113.03
913,46.53,-113.03
914,46.53,-113.03
915,46.53,-113.03
916,46.53,-113.03
917,46.53,-113.03
918,46.53,-113.03
919,46.53,-113.03
920,46.53,-113.03
921,46.53,-113.03
922,46.53,-113.03
923,46.53,-113.03
924,46.53,-113.03
925,46.53,-113.03
926,46.53,-113.03
927,46.53,-113.03
928,46.53,-113.03
929,46.53,-113.03
930,46.53,-113.03
931,46.53,-113.03
932,46.53,-113.03
933,46.53,-113.03
934,46.53,-113.03
935,46.53,-113.03
936,46.53,-113.03
937,46.53,-113.03
938,46.53,-113.03
939,46.53,-113.03
940,46.53,-113.03
941,46.53,-113.03
942,46.53,-113.03
943,46.53,-113.03
944,46.53,-113.03
945,46.53,-113.03
946,46.53,-113.03
947,46.53,-113.03
948,46.53,-113.03
949,46.53,-113.03
950,46.53,-113.03
951,46.53,-113.03
952,46.53,-113.03
953,46.53,-113.03
954,46.53,-113.03
955,46.53,-113.03
956,46.53,-113.03
957,46.53,-113.03
958,46.53,-113.03
959,46.53,-113.03
960,46.53,-113.03
961,46.53,-113.03
962,46.53,-113.03
963,46.53,-113.03
964,46.53,-113.03
965,46.53,-113.03
966,46.53,-113.03
967,46.53,-113.03
968,46.53,-113.03
969,46.53,-113.03
970,46.53,-113.03
971,46.53,-113.03
972,46.53,-113.03
973,46.53,-113.03
974,46.53,-113.03
975,46.53,-113.03
976,46.53,-113.03
977,46.53,-113.03
978,46.53,-113.03
979,46.53,-113.03
980,46.53,-113.03
981,46.53,-113.03
982,46.53,-113.03
983,46.53,-113.03
984,46.53,-113.03
985,46.53,-113.03
986,46.53,-113.03
987,46.53,-113.03
988,46.53,-113.03
989,46.53,-113.03
990,46.53,-113.03
991,46.53,-113.03
992,46.53,-113.03
993,46.53,-113.03
994,46.53,-113.03
995,46.53,-113.03
996,46.53,-113.03
997,46.53,-113.03
998,46.53,-113.03
999,46.53,-113.03
1000,46.53,-113.03
1001,46.53,-113.03
1002,46.53,-113.03
1003,46.53,-113.03
1004,46.53,-113.03
1005,46.53,-113.03
1006,46.53,-113.03
1007,46.53,-113.03
1008,46.53,-113.03
1009,46.53,-113.03
1010,46.53,-113.03
1011,46.53,-113.03
1012,46.53,-113.03
1013,46.53,-113.03
1014,46.53,-113.03
1015,46.53,-113.03
1016,46.53,-113.03
1017,46.53,-113.03
1018,46.53,-113.03
1019,46.53,-113.03
1020,46.53,-113.03
1021,46.53,-113.03
1022,46.53,-113.03
1023,46.53,-113.03
1024,46.53,-113.03
1025,46.53,-113.03
1026,46.53,-113.03
1027,46.53,-113.03
1028,46.53,-113.03
1029,46.53,-113.03
1030,46.53,-113.03
1031,46.53,-113.03
1032,46.53,-113.03
1033,46.53,-113.03
1034,46.53,-113.03
1035,46.53,-113.03
1036,46.53,-113.03
1037,46.53,-113.03
1038,46.53,-113.03
1039,46.53,-113.03
1040,46.53,-113.03
1041,46.53,-113.03
1042,46.53,-113.03
1043,46.53,-113.03
1044,46.53,-113.03
1045,46.53,-113.03
1046,46.53,-113.03
1047,46.53,-113.03
1048,46.53,-113.03
1049,46.53,-113.03
1050,46.53,-113.03
1051,46.53,-113.03
1052,46.53,-113.03
1053,46.53,-113.03
1054,46.53,-113.03
1055,46.53,-113.03
1056,46.53,-113.03
1057,46.53,-113.03
1058,46.53,-113.03
1059,46.53,-113.03
1060,46.53,-113.03
1061,46.53,-113.03
1062,46.53,-113.03
1063,46.53,-113.03
1064,46.53,-113.03
1065,46.53,-113.03
1066,46.53,-113.03
1067,46.53,-113.03
1068,46.53,-113.03
1069,46.53,-113.03
1070,46.53,-113.03
1071,46.53,-113.03
1072,46.53,-113.03
1073,46.53,-113.03
1074,46.53,-113.03
1075,46.53,-113.03
1076,46.53,-113.03
1077,46.53,-113.03
1078,46.53,-113.03
1079,46.53,-113.03
1080,46.53,-113.03
1081,46.53,-113.03
1082,46.53,-113.03
1083,46.53,-113.03
1084,46.53,-113.03
1085,46.53,-113.03
1086,46.53,-113.03
1087,46.53,-113.03
1088,46.53,-113.03
1089,46.53,-113.03
1090,46.53,-113.03
1091,46.53,-113.03
1092,46.53,-113.03
1093,46.53,-113.03
1094,46.53,-113.03
1095,46.53,-113.03
1096,46.53,-113.03
1097,46.53,-113.03
1098,46.53,-113.03
1099,46.53,-113.03
1100,46.53,-113.03
1101,46.53,-113.03
1102,46.53,-113.03
1103,46.53,-113.03
1104,46.53,-113.03
1105,46.53,-113.03
1106,46.53,-113.03
1107,46.53,-113.03
1108,46.53,-113.03
1109,46.53,-113.03
1110,46.53,-113.03
1111,46.53,-113.03
1112,46.53,-113.03
1113,46.53,-113.03
1114,46.53,-113.03
1115,46.53,-113.03
1116,46.53,-113.03
1117,46.53,-113.03
1118,46.53,-113.03
1119,46.53,-113.03
1120,46.53,-113.03
1121,46.53,-113.03
1122,46.53,-113.03
1123,46.53,-113.03
1124,46.53,-113.03
1125,46.53,-113.03
1126,46.53,-113.03
1127,46.53,-113.03
1128,46.53,-113.03
1129,46.53,-113.03
1130,46.53,-113.03
1131,46.53,-113.03
1132,46.53,-113.03
1133,46.53,-113.03
1134,46.53,-113.03
1135,46.53,-113.03
1136,46.53,-113.03
1137,46.53,-113.03
1138,46.53,-113.03
1139,46.53,-113.03
1140,46.53,-113.03
1141,46.53,-113.03
1142,46.53,-113.03
1143,46.53,-113.03
1144,46.53,-113.03
1145,46.53,-113.03
1146,46.53,-113.03
1147,46.53,-113.03
1148,46.53,-113.03
1149,46.53,-113.03
1150,46.53,-113.03
1151,46.53,-113.03
1152,46.53,-113.03
1153,46.53,-113.03
1154,46.53,-113.03
1155,46.53,-113.03
1156,46.53,-113.03
1157,46.53,-113.03
1158,46.53,-113.03
1159,46.53,-113.03
1160,46.53,-113.03
1161,46.53,-113.03
1162,46.53,-113.03
1163,46.53,-113.03
1164,46.53,-113.03
1165,46.53,-113.03
1166,46.53,-113.03
1167,46.53,-113.03
1168,46.53,-113.03
1169,46.53,-113.03
1170,46.53,-113.03
1171,46.53,-113.03
1172,46.53,-113.03
1173,46.53,-113.03
1174,46.53,-113.03
1175,46.53,-113.03
1176,46.53,-113.03
1177,46.53,-113.03
1178,46.53,-113.03
1179,46.53,-113.03
1180,46.53,-113.03
1181,46.53,-113.03
1182,46.53,-113.03
1183,46.53,-113.03
1184,46.53,-113.03
1185,46.53,-113.03
1186,46.53,-113.03
1187,46.53,-113.03
1188,46.53,-113.03
1189,46.53,-113.03
1190,46.53,-113.03
1191,46.53,-113.03
1192,46.53,-113.03
1193,46.53,-113.03
1194,46.53,-113.03
1195,46.53,-113.03
1196,46.53,-113.03
1197,46.53,-113.03
1198,46.53,-113.03
1199,46.53,-113.03
1200,46.53,-113.03
1201,46.53,-113.03
1202,46.53,-113.03
1203,46.53,-113.03
1204,46.53,-113.03
1205,46.53,-113.03
1206,46.53,-113.03
1207,46.53,-113.03
1208,46.53,-113.03
1209,46.53,-113.03
1210,46.53,-113.03
1211,46.53,-113.03
1212,46.53,-113.03
1213,46.53,-113.03
1214,46.53,-113.03
1215,46.53,-113.03
1216,46.53,-113.03
1217,46.53,-113.03
1218,46.53,-113.03
1219,46.53,-113.03
1220,46.53,-113.03
1221,46.53,-113.03
1222,46.53,-113.03
1223,46.53,-113.03
1224,46.53,-113.03
1225,46.53,-113.03
1226,46.53,-113.03
1227,46.53,-113.03
1228,46.53,-113.03
1229,46.53,-113.03
1230,46.53,-113.03
1231,46.53,-113.03
1232,46.53,-113.03
1233,46.53,-113.03
1234,46.53,-113.03
1235,46.53,-113.03
1236,46.53,-113.03
1237,46.53,-113.03
1238,46.53,-113.03
1239,46.53,-113.03
1240,46.53,-113.03
1241,46.53,-113.03
1242,46.53,-113.03
1243,46.53,-113.03
1244,46.53,-113.03
1245,46.53,-113.03
1246,46.53,-113.03
1247,46.53,-113.03
1248,46.53,-113.03
1249,46.53,-113.03
1250,46.53,-113.03
1251,46.53,-113.03
1252,46.53,-113.03
1253,46.53,-113.03
1254,46.53,-113.03
1255,46.53,-113.03
1256,46.53,-113.03
1257,46.53,-113.03
1258,46.53,-113.03
1259,46.53,-113.03
1260,46.53,-113.03
1261,46.53,-113.03
1262,46.53,-113.03
1263,46.53,-113.03
1264,46.53,-113.03
1265,46.53,-113.03
1266,46.53,-113.03
1267,46.53,-113.03
1268,46.53,-113.03
1269,46.53,-113.03
1270,46.53,-113.03
1271,46.53,-113.03
1272,46.53,-113.03
1273,46.53,-113.03
1274,46.53,-113.03
1275,46.53,-113.03
1276,46.53,-113.03
1277,46.53,-113.03
1278,46.53,-113.03
1279,46.53,-113.03
1280,46.53,-113.03
1281,46.53,-113.03
1282,46.53,-113.03
1283,46.53,-113.03
1284,46.53,-113.03
1285,46.53,-113.03
1286,46.53,-113.03
1287,46.53,-113.03
1288,46.53,-113.03
1289,46.53,-113.03
1290,46.53,-113.03
1291,46.53,-113.03
1292,46.53,-113.03
1293,46.53,-113.03
1294,46.53,-113.03
1295,46.53,-113.03
1296,46.53,-113.03
1297,46.53,-113.03
1298,46.53,-113.03
1299,46.53,-113.03
1300,46.53,-113.03
1301,46.53,-113.03
1302,46.53,-113.03
1303,46.53,-113.03
1304,46.53,-113.03
1305,46.53,-113.03
1306,46.53,-113.03
1307,46.53,-113.03
1308,46.53,-113.03
1309,46.53,-113.03
1310,46.53,-113.03
1311,46.53,-113.03
1312,46.53,-113.03
1313,46.53,-113.03
1314,46.53,-113.03
1315,46.53,-113.03
1316,46.53,-113.03
1317,46.53,-113.03
1318,46.53,-113.03
1319,46.53,-113.03
1320,46.53,-113.03
1321,46.53,-113.03
1322,46.53,-113.03
1323,46.53,-113.03
1324,46.53,-113.03
1325,46.53,-113.03
1326,46.53,-113.03
1327,46.53,-113.03
1328,46.53,-113.03
1329,46.53,-113.03
1330,40.5739,-105.8438
1331,40.5739,-105.8438
1332,40.5739,-105.8438
1333,40.5739,-105.8438
1334,40.5739,-105.8438
1335,40.5739,-105.8438
1336,40.5739,-105.8438
1337,40.5739,-105.8438
1338,40.5739,-105.8438
1339,40.5739,-105.8438
1340,40.5739,-105.8438
1341,40.5739,-105.8438
1342,40.5739,-105.8438
1343,40.5739,-105.8438
1344,40.5739,-105.8438
1345,40.5739,-105.8438
1346,40.5739,-105.8438
1347,40.5739,-105.8438
1348,40.5739,-105.8438
1349,40.5739,-105.8438
1350,40.5739,-105.8438
1351,40.5739,-105.8438
1352,40.5739,-105.8438
1353,40.5739,-105.8438
1354,40.5739,-105.8438
1355,40.5739,-105.8438
1356,40.5739,-105.8438
1357,40.5739,-105.8438
1358,40.5739,-105.8438
1359,40.5739,-105.8438
1360,40.5739,-105.8438
1361,40.5739,-105.8438
1362,40.5739,-105.8438
1363,40.5739,-105.8438
1364,40.5739,-105.8438
1365,40.5739,-105.8438
1366,40.5739,-105.8438
1367,40.5739,-105.8438
1368,40.5739,-105.8438
1369,40.5739,-105.8438
1370,40.5739,-105.8438
1371,40.5739,-105.8438
1372,40.5739,-105.8438
1373,40.5739,-105.8438
1374,40.5739,-105.8438
1375,40.5739,-105.8438
1376,40.5739,-105.8438
1377,40.5739,-105.8438
1378,40.5739,-105.8438
1379,40.5739,-105.8438
1380,40.5739,-105.8438
1381,40.5739,-105.8438
1382,40.5739,-105.8438
1383,40.5739,-105.8438
1384,40.5739,-105.8438
1385,40.5739,-105.8438
1386,40.5739,-105.8438
1387,40.5739,-105.8438
1388,40.5739,-105.8438
1389,40.5739,-105.8438
1390,40.5739,-105.8438
1391,40.5739,-105.8438
1392,40.5739,-105.8438
1393,40.5739,-105.8438
1394,40.5739,-105.8438
1395,40.5739,-105.8438
1396,40.5739,-105.8438
1397,40.5739,-105.8438
1398,40.5739,-105.8438
1399,40.5739,-105.8438
1400,40.5739,-105.8438
1401,40.5739,-105.8438
1402,40.5739,-105.8438
1403,40.5739,-105.8438
1404,40.5739,-105.8438
1405,40.5739,-105.8438
1406,40.5739,-105.8438
1407,40.5739,-105.8438
1408,40.5739,-105.8438
1409,40.5739,-105.8438
1410,40.5739,-105.8438
1411,40.5739,-105.8438
1412,40.5739,-105.8438
1413,46.1216,-114.3357
1414,46.1216,-114.3357
1415,46.1216,-114.3357
1416,46.1216,-114.3357
1417,46.1216,-114.3357
1418,46.1216,-114.3357
1419,46.1216,-114.3357
1420,46.1216,-114.3357
1421,46.1216,-114.3357
1422,46.1216,-114.3357
1423,46.1216,-114.3357
1424,46.1216,-114.3357
1425,46.1216,-114.3357
1426,46.1216,-114.3357
1427,46.1216,-114.3357
1428,46.1216,-114.3357
1429,46.1216,-114.3357
1430,46.1216,-114.3357
1431,46.1216,-114.3357
1432,46.1216,-114.3357
1433,46.1216,-114.3357
1434,46.1216,-114.3357
1435,46.1216,-114.3357
1436,46.1216,-114.3357
1437,46.1216,-114.3357
1438,46.1216,-114.3357
1439,46.1216,-114.3357
1440,46.1216,-114.3357
1441,46.1216,-114.3357
1442,46.1216,-114.3357
1443,46.1216,-114.3357
1444,46.1216,-114.3357
1445,46.1216,-114.3357
1446,46.1216,-114.3357
1447,46.1216,-114.3357
1448,46.1216,-114.3357
1449,46.1216,-114.3357
1450,46.1216,-114.3357
1451,46.1216,-114.3357
1452,46.1216,-114.3357
1453,46.1216,-114.3357
1454,46.1216,-114.3357
1455,46.1216,-114.3357
1456,46.1216,-114.3357
1457,46.1216,-114.3357
1458,46.1216,-114.3357
1459,46.1216,-114.3357
1460,46.1216,-114.3357
1461,46.1216,-114.3357
1462,46.1216,-114.3357
1463,46.1216,-114.3357
1464,46.1216,-114.3357
1465,46.1216,-114.3357
1466,46.1216,-114.3357
1467,46.1216,-114.3357
1468,46.1216,-114.3357
1469,46.1216,-114.3357
1470,46.1216,-114.3357
1471,46.1216,-114.3357
1472,46.1216,-114.3357
1473,46.1216,-114.3357
1474,46.1216,-114.3357
1475,46.1216,-114.3357
1476,46.1216,-114.3357
1477,46.1216,-114.3357
1478,46.1216,-114.3357
1479,46.1216,-114.3357
1480,46.1216,-114.3357
1481,46.1216,-114.3357
1482,46.1216,-114.3357
1483,46.1216,-114.3357
1484,46.1216,-114.3357
1485,46.1216,-114.3357
1486,46.1216,-114.3357
1487,46.1216,-114.3357
1488,46.1216,-114.3357
1489,46.1216,-114.3357
1490,46.1216,-114.3357
1491,46.1216,-114.3357
1492,46.1216,-114.3357
1493,46.1216,-114.3357
1494,46.1216,-114.3357
1495,46.1216,-114.3357
1496,46.1216,-114.3357
1497,46.1216,-114.3357
1498,46.1216,-114.3357
1499,46.1216,-114.3357
1500,46.1216,-114.3357
1501,46.1216,-114.3357
1502,46.1216,-114.3357
1503,46.1216,-114.3357
1504,46.1216,-114.3357
1505,46.1216,-114.3357
1506,46.1216,-114.3357
1507,46.1216,-114.3357
1508,46.1216,-114.3357
1509,46.1216,-114.3357
1510,46.1216,-114.3357
1511,46.1216,-114.3357
1512,46.1216,-114.3357
1513,46.1216,-114.3357
1514,46.1216,-114.3357
1515,46.1216,-114.3357
1516,46.1216,-114.3357
1517,46.1216,-114.3357
1518,46.1216,-114.3357
1519,46.1216,-114.3357
1520,46.1216,-114.3357
1521,46.1216,-114.3357
1522,46.1216,-114.3357
1523,46.1216,-114.3357
1524,46.1216,-114.3357
1525,46.1216,-114.3357
1526,46.1216,-114.3357
1527,46.1216,-114.3357
1528,46.1216,-114.3357
1529,46.1216,-114.3357
1530,46.1216,-114.3357
1531,46.1216,-114.3357
1532,46.1216,-114.3357
1533,46.1216,-114.3357
1534,46.1216,-114.3357
1535,46.1216,-114.3357
1536,46.1216,-114.3357
1537,46.1216,-114.3357
1538,46.1216,-114.3357
1539,46.1216,-114.3357
1540,46.1216,-114.3357
1541,46.1216,-114.3357
1542,46.1216,-114.3357
1543,46.1216,-114.3357
1544,46.1216,-114.3357
1545,46.1216,-114.3357
1546,46.1216,-114.3357
1547,46.1216,-114.3357
1548,46.1216,-114.3357
1549,46.1216,-114.3357
1550,46.1216,-114.3357
1551,46.1216,-114.3357
1552,46.1216,-114.3357
1553,46.1216,-114.3357
1554,46.1216,-114.3357
1555,46.1216,-114.3357
1556,46.1216,-114.3357
1557,46.1216,-114.3357
1558,46.1216,-114.3357
1559,46.1216,-114.3357
1560,46.1216,-114.3357
1561,46.1216,-114.3357
1562,46.1216,-114.3357
1563,46.1216,-114.3357
1564,46.1216,-114.3357
1565,46.1216,-114.3357
1566,46.1216,-114.3357
1567,46.1216,-114.3357
1568,46.1216,-114.3357
1569,46.1216,-114.3357
1570,46.1216,-114.3357
1571,46.1216,-114.3357
1572,46.1216,-114.3357
1573,46.1216,-114.3357
1574,46.1216,-114.3357
1575,46.1216,-114.3357
1576,46.1216,-114.3357
1577,46.1216,-114.3357
1578,46.1216,-114.3357
1579,46.1216,-114.3357
1580,46.1216,-114.3357
1581,46.1216,-114.3357
1582,46.1216,-114.3357
1583,46.1216,-114.3357
1584,46.1216,-114.3357
1585,46.1216,-114.3357
1586,46.1216,-114.3357
1587,46.1216,-114.3357
1588,46.1216,-114.3357
1589,46.1216,-114.3357
1590,46.1216,-114.3357
1591,46.1216,-114.3357
1592,46.1216,-114.3357
1593,46.1216,-114.3357
1594,46.1216,-114.3357
1595,46.1216,-114.3357
1596,46.1216,-114.3357
1597,46.1216,-114.3357
1598,46.1216,-114.3357
1599,46.1216,-114.3357
1600,46.1216,-114.3357
1601,46.1216,-114.3357
1602,46.1216,-114.3357
1603,46.1216,-114.3357
1604,46.1216,-114.3357
1605,46.1216,-114.3357
1606,46.1216,-114.3357
1607,46.1216,-114.3357
1608,46.1216,-114.3357
1609,46.1216,-114.3357
1610,46.1216,-114.3357
1611,46.1216,-114.3357
1612,46.1216,-114.3357
1613,46.1216,-114.3357
1614,46.1216,-114.3357
1615,46.1216,-114.3357
1616,46.1216,-114.3357
1617,46.1216,-114.3357
1618,46.1216,-114.3357
1619,46.1216,-114.3357
1620,46.1216,-114.3357
1621,46.1216,-114.3357
1622,46.1216,-114.3357
1623,46.1216,-114.3357
1624,46.1216,-114.3357
1625,46.1216,-114.3357
1626,46.1216,-114.3357
1627,46.1216,-114.3357
1628,46.1216,-114.3357
1629,46.1216,-114.3357
1630,46.1216,-114.3357
1631,46.1216,-114.3357
1632,46.1216,-114.3357
1633,46.1216,-114.3357
1634,46.1216,-114.3357
1635,46.1216,-114.3357
1636,46.1216,-114.3357
1637,46.1216,-114.3357
1638,46.1216,-114.3357
1639,46.1216,-114.3357
1640,46.1216,-114.3357
1641,46.1216,-114.3357
1642,46.1216,-114.3357
1643,46.1216,-114.3357
1644,46.1216,-114.3357
1645,46.1216,-114.3357
1646,46.1216,-114.3357
1647,46.1216,-114.3357
1648,46.1216,-114.3357
1649,46.1216,-114.3357
1650,46.1216,-114.3357
1651,46.1216,-114.3357
1652,46.1216,-114.3357
1653,46.1216,-114.3357
1654,46.1216,-114.3357
1655,46.1216,-114.3357
1656,46.1216,-114.3357
1657,46.1216,-114.3357
1658,46.1216,-114.3357
1659,46.1216,-114.3357
1660,46.1216,-114.3357
1661,46.1216,-114.3357
1662,46.1216,-114.3357
1663,46.1216,-114.3357
1664,46.1216,-114.3357
1665,46.1216,-114.3357
1666,46.1216,-114.3357
1667,46.1216,-114.3357
1668,46.1216,-114.3357
1669,46.1216,-114.3357
1670,46.1216,-114.3357
1671,46.1216,-114.3357
1672,46.1216,-114.3357
1673,46.1216,-114.3357
1674,46.1216,-114.3357
1675,46.1216,-114.3357
1676,46.1216,-114.3357
1677,46.1216,-114.3357
1678,46.1216,-114.3357
1679,46.1216,-114.3357
1680,46.1216,-114.3357
1681,46.1216,-114.3357
1682,46.1216,-114.3357
1683,46.1216,-114.3357
1684,46.1216,-114.3357
1685,46.1216,-114.3357
1686,46.1216,-114.3357
1687,46.1216,-114.3357
1688,46.1216,-114.3357
1689,46.1216,-114.3357
1690,46.1216,-114.3357
1691,46.1216,-114.3357
1692,46.1216,-114.3357
1693,46.1216,-114.3357
1694,46.1216,-114.3357
1695,46.1216,-114.3357
1696,46.1216,-114.3357
1697,46.1216,-114.3357
1698,46.1216,-114.3357
1699,46.1216,-114.3357
1700,46.1216,-114.3357
1701,46.1216,-114.3357
1702,46.1216,-114.3357
1703,46.1216,-114.3357
1704,46.1216,-114.3357
1705,46.1216,-114.3357
1706,46.1216,-114.3357
1707,46.1216,-114.3357
1708,46.1216,-114.3357
1709,46.1216,-114.3357
1710,46.1216,-114.3357
1711,46.1216,-114.3357
1712,46.1216,-114.3357
1713,46.1216,-114.3357
1714,46.1216,-114.3357
1715,46.1216,-114.3357
1716,46.1216,-114.3357
1717,46.1216,-114.3357
1718,46.1216,-114.3357
1719,46.1216,-114.3357
1720,46.1216,-114.3357
1721,46.1216,-114.3357
1722,46.1216,-114.3357
1723,46.1216,-114.3357
1724,46.1216,-114.3357
1725,46.1216,-114.3357
1726,46.1216,-114.3357
1727,46.1216,-114.3357
1728,46.1216,-114.3357
1729,46.1216,-114.3357
1730,46.1216,-114.3357
1731,46.1216,-114.3357
1732,46.1216,-114.3357
1733,46.1216,-114.3357
1734,46.1216,-114.3357
1735,46.1216,-114.3357
1736,46.1216,-114.3357
1737,46.1216,-114.3357
1738,46.1216,-114.3357
1739,46.1216,-114.3357
1740,46.1216,-114.3357
1741,46.1216,-114.3357
1742,46.1216,-114.3357
1743,46.1216,-114.3357
1744,46.1216,-114.3357
1745,46.1216,-114.3357
1746,46.1216,-114.3357
1747,46.1216,-114.3357
1748,46.1216,-114.3357
1749,46.1216,-114.3357
1750,46.1216,-114.3357
1751,46.1216,-114.3357
1752,46.1216,-114.3357
1753,46.1216,-114.3357
1754,46.1216,-114.3357
1755,46.1216,-114.3357
1756,46.1216,-114.3357
1757,46.1216,-114.3357
1758,46.1216,-114.3357
1759,46.1216,-114.3357
1760,46.1216,-114.3357
1761,46.1216,-114.3357
1762,46.1216,-114.3357
1763,46.1216,-114.3357
1764,46.1216,-114.3357
1765,46.1216,-114.3357
1766,46.1216,-114.3357
1767,46.1216,-114.3357
1768,46.1216,-114.3357
1769,46.1216,-114.3357
1770,46.1216,-114.3357
1771,46.1216,-114.3357
1772,46.1216,-114.3357
1773,46.1216,-114.3357
1774,46.1216,-114.3357
1775,46.1216,-114.3357
1776,46.1216,-114.3357
1777,46.1216,-114.3357
1778,46.1216,-114.3357
1779,46.1216,-114.3357
1780,46.1216,-114.3357
1781,46.1216,-114.3357
1782,46.1216,-114.3357
1783,46.1216,-114.3357
1784,46.1216,-114.3357
1785,46.1216,-114.3357
1786,46.1216,-114.3357
1787,46.1216,-114.3357
1788,46.1216,-114.3357
1789,46.1216,-114.3357
1790,46.1216,-114.3357
1791,46.1216,-114.3357
1792,46.1216,-114.3357
1793,46.1216,-114.3357
1794,46.1216,-114.3357
1795,46.1216,-114.3357
1796,46.1216,-114.3357
1797,46.1216,-114.3357
1798,46.1216,-114.3357
1799,46.1216,-114.3357
1800,46.1216,-114.3357
1801,46.1216,-114.3357
1802,46.1216,-114.3357
1803,46.1216,-114.3357
1804,46.1216,-114.3357
1805,46.1216,-114.3357
1806,46.1216,-114.3357
1807,46.1216,-114.3357
1808,46.1216,-114.3357
1809,46.1216,-114.3357
1810,46.1216,-114.3357
1811,46.1216,-114.3357
1812,46.1216,-114.3357
1813,46.1216,-114.3357
1814,46.1216,-114.3357
1815,46.1216,-114.3357
1816,46.1216,-114.3357
1817,46.1216,-114.3357
1818,46.1216,-114.3357
1819,46.1216,-114.3357
1820,46.1216,-114.3357
1821,46.1216,-114.3357
1822,46.1216,-114.3357
1823,46.1216,-114.3357
1824,46.1216,-114.3357
1825,46.1216,-114.3357
1826,46.1216,-114.3357
1827,46.1216,-114.3357
1828,46.1216,-114.3357
1829,46.1216,-114.3357
1830,46.1216,-114.3357
1831,46.1216,-114.3357
1832,46.1216,-114.3357
1833,46.1216,-114.3357
1834,46.1216,-114.3357
1835,46.1216,-114.3357
1836,46.1216,-114.3357
1837,46.1216,-114.3357
1838,46.1216,-114.3357
1839,46.1216,-114.3357
1840,46.1216,-114.3357
1841,46.1216,-114.3357
1842,46.1216,-114.3357
1843,46.1216,-114.3357
1844,46.1216,-114.3357
1845,46.1216,-114.3357
1846,46.1216,-114.3357
1847,46.1216,-114.3357
1848,46.1216,-114.3357
1849,46.1216,-114.3357
1850,46.1216,-114.3357
1851,46.1216,-114.3357
1852,46.1216,-114.3357
1853,46.1216,-114.3357
1854,46.1216,-114.3357
1855,46.1216,-114.3357
1856,46.1216,-114.3357
1857,46.1216,-114.3357
1858,46.1216,-114.3357
1859,46.1216,-114.3357
1860,46.1216,-114.3357
1861,46.1216,-114.3357
1862,46.1216,-114.3357
1863,46.1216,-114.3357
1864,46.1216,-114.3357
1865,46.1216,-114.3357
1866,46.1216,-114.3357
1867,46.1216,-114.3357
1868,46.1216,-114.3357
1869,46.1216,-114.3357
1870,46.1216,-114.3357
1871,46.1216,-114.3357
1872,46.1216,-114.3357
1873,46.1216,-114.3357
1874,46.1216,-114.3357
1875,46.1216,-114.3357
1876,46.1216,-114.3357
1877,46.1216,-114.3357
1878,46.1216,-114.3357
1879,46.1216,-114.3357
1880,46.1216,-114.3357
1881,46.1216,-114.3357
1882,46.1216,-114.3357
1883,46.1216,-114.3357
1884,46.1216,-114.3357
1885,46.1216,-114.3357
1886,46.1216,-114.3357
1887,46.1216,-114.3357
1888,46.1216,-114.3357
1889,46.1216,-114.3357
1890,46.1216,-114.3357
1891,46.1216,-114.3357
1892,46.1216,-114.3357
1893,46.1216,-114.3357
1894,46.1216,-114.3357
1895,46.1216,-114.3357
1896,46.1216,-114.3357
1897,46.1216,-114.3357
1898,46.1216,-114.3357
1899,46.1216,-114.3357
1900,46.1216,-114.3357
1901,46.1216,-114.3357
1902,46.1216,-114.3357
1903,46.1216,-114.3357
1904,46.1216,-114.3357
1905,46.1216,-114.3357
1906,46.1216,-114.3357
1907,46.1216,-114.3357
1908,46.1216,-114.3357
1909,46.1216,-114.3357
1910,46.1216,-114.3357
1911,46.1216,-114.3357
1912,44.017,-121.3
1913,44.017,-121.3
1914,44.017,-121.3
1915,44.017,-121.3
1916,44.017,-121.3
1917,44.017,-121.3
1918,44.017,-121.3
1919,44.017,-121.3
1920,44.017,-121.3
1921,44.017,-121.3
1922,44.017,-121.3
1923,44.017,-121.3
1924,44.017,-121.3
1925,44.017,-121.3
1926,44.017,-121.3
1927,44.017,-121.3
1928,44.017,-121.3
1929,44.017,-121.3
1930,44.017,-121.3
1931,44.017,-121.3
1932,44.017,-121.3
1933,44.017,-121.3
1934,44.017,-121.3
1935,44.017,-121.3
1936,44.017,-121.3
1937,44.017,-121.3
1938,44.017,-121.3
1939,44.017,-121.3
1940,44.017,-121.3
1941,44.017,-121.3
1942,44.017,-121.3
1943,44.017,-121.3
1944,44.017,-121.3
1945,44.017,-121.3
1946,44.017,-121.3
1947,44.017,-121.3
1948,44.017,-121.3
1949,44.017,-121.3
1950,44.017,-121.3
1951,44.017,-121.3
1952,44.017,-121.3
1953,44.017,-121.3
1954,44.017,-121.3
1955,44.017,-121.3
1956,44.017,-121.3
1957,44.017,-121.3
1958,44.017,-121.3
1959,44.017,-121.3
1960,44.017,-121.3
1961,44.017,-121.3
1962,44.017,-121.3
1963,44.017,-121.3
1964,44.017,-121.3
1965,44.017,-121.3
1966,44.017,-121.3
1967,44.017,-121.3
1968,44.017,-121.3
1969,44.017,-121.3
1970,44.017,-121.3
1971,44.017,-121.3
1972,44.017,-121.3
1973,44.017,-121.3
1974,44.017,-121.3
1975,44.017,-121.3
1976,44.017,-121.3
1977,44.017,-121.3
1978,44.017,-121.3
1979,44.017,-121.3
1980,44.017,-121.3
1981,44.017,-121.3
1982,44.017,-121.3
1983,44.017,-121.3
1984,44.017,-121.3
1985,44.017,-121.3
1986,44.017,-121.3
1987,44.017,-121.3
1988,44.017,-121.3
1989,44.017,-121.3
1990,44.017,-121.3
1991,44.017,-121.3
1992,44.017,-121.3
1993,44.017,-121.3
1994,44.017,-121.3
1995,44.017,-121.3
1996,44.017,-121.3
1997,44.017,-121.3
1998,44.017,-121.3
1999,44.017,-121.3
2000,44.017,-121.3
2001,44.017,-121.3
2002,44.017,-121.3
2003,44.017,-121.3
2004,44.017,-121.3
2005,44.017,-121.3
2006,44.017,-121.3
2007,44.017,-121.3
2008,44.017,-121.3
2009,44.017,-121.3
2010,44.017,-121.3
2011,44.017,-121.3
2012,44.017,-121.3
2013,44.017,-121.3
2014,44.017,-121.3
2015,44.017,-121.3
2016,44.017,-121.3
2017,44.017,-121.3
2018,44.017,-121.3
2019,44.017,-121.3
2020,44.017,-121.3
2021,44.017,-121.3
2022,44.017,-121.3
2023,44.017,-121.3
2024,44.017,-121.3
2025,44.017,-121.3
2026,44.017,-121.3
2027,44.017,-121.3
2028,44.017,-121.3
2029,44.017,-121.3
2030,44.017,-121.3
2031,44.017,-121.3
2032,44.017,-121.3
2033,44.017,-121.3
2034,44.017,-121.3
2035,44.017,-121.3
2036,44.017,-121.3
2037,44.017,-121.3
2038,44.017,-121.3
2039,44.017,-121.3
2040,44.017,-121.3
2041,44.017,-121.3
2042,44.017,-121.3
2043,44.017,-121.3
2044,44.017,-121.3
2045,44.017,-121.3
2046,44.017,-121.3
2047,44.017,-121.3
2048,44.017,-121.3
2049,44.017,-121.3
2050,44.017,-121.3
2051,44.017,-121.3
2052,44.017,-121.3
2053,44.017,-121.3
2054,44.017,-121.3
2055,44.017,-121.3
2056,44.017,-121.3
2057,44.017,-121.3
2058,44.017,-121.3
2059,44.017,-121.3
2060,44.017,-121.3
2061,44.017,-121.3
2062,44.017,-121.3
2063,44.017,-121.3
2064,44.017,-121.3
2065,44.017,-121.3
2066,44.017,-121.3
2067,44.017,-121.3
2068,44.017,-121.3
2069,44.017,-121.3
2070,44.017,-121.3
2071,44.017,-121.3
2072,44.017,-121.3
2073,44.017,-121.3
2074,44.017,-121.3
2075,44.017,-121.3
2076,44.017,-121.3
2077,44.017,-121.3
2078,44.017,-121.3
2079,44.017,-121.3
2080,44.017,-121.3
2081,44.017,-121.3
2082,44.017,-121.3
2083,44.017,-121.3
2084,44.017,-121.3
2085,44.017,-121.3
2086,44.017,-121.3
2087,44.017,-121.3
2088,44.017,-121.3
2089,44.017,-121.3
2090,44.017,-121.3
2091,44.017,-121.3
2092,44.017,-121.3
2093,44.017,-121.3
2094,44.017,-121.3
2095,44.017,-121.3
2096,44.017,-121.3
2097,44.017,-121.3
2098,44.017,-121.3
2099,44.017,-121.3
2100,44.017,-121.3
2101,44.017,-121.3
2102,44.017,-121.3
2103,44.017,-121.3
2104,44.017,-121.3
2105,44.017,-121.3
2106,44.017,-121.3
2107,44.017,-121.3
2108,44.017,-121.3
2109,44.017,-121.3
2110,44.017,-121.3
2111,44.017,-121.3
2112,44.017,-121.3
2113,44.017,-121.3
2114,44.017,-121.3
2115,44.017,-121.3
2116,44.017,-121.3
2117,44.017,-121.3
2118,44.017,-121.3
2119,44.017,-121.3
2120,44.017,-121.3
2121,44.017,-121.3
2122,44.017,-121.3
2123,44.017,-121.3
2124,44.017,-121.3
2125,44.017,-121.3
2126,44.017,-121.3
2127,44.017,-121.3
2128,44.017,-121.3
2129,44.017,-121.3
2130,44.017,-121.3
2131,44.017,-121.3
2132,44.017,-121.3
2133,44.017,-121.3
2134,44.017,-121.3
2135,44.017,-121.3
2136,44.017,-121.3
2137,44.017,-121.3
2138,44.017,-121.3
2139,44.017,-121.3
2140,44.017,-121.3
2141,44.017,-121.3
2142,40.5954,-105.8453
2143,40.5954,-105.8453
2144,40.5954,-105.8453
2145,40.5954,-105.8453
2146,40.5954,-105.8453
2147,40.5954,-105.8453
2148,40.5954,-105.8453
2149,40.5954,-105.8453
2150,40.5954,-105.8453
2151,40.5954,-105.8453
2152,40.5954,-105.8453
2153,40.5954,-105.8453
2154,40.5954,-105.8453
2155,40.5954,-105.8453
2156,40.5954,-105.8453
2157,40.5954,-105.8453
2158,40.5954,-105.8453
2159,40.5954,-105.8453
2160,40.5954,-105.8453
2161,40.5954,-105.8453
2162,40.5954,-105.8453
2163,40.5954,-105.8453
2164,40.5954,-105.8453
2165,40.5954,-105.8453
2166,40.5954,-105.8453
2167,40.5954,-105.8453
2168,40.5954,-105.8453
2169,40.5954,-105.8453
2170,40.5954,-105.8453
2171,40.5954,-105.8453
2172,40.5954,-105.8453
2173,40.5954,-105.8453
2174,40.5954,-105.8453
2175,40.5954,-105.8453
2176,40.5954,-105.8453
2177,40.5954,-105.8453
2178,40.5954,-105.8453
2179,40.5954,-105.8453
2180,40.5954,-105.8453
2181,40.5954,-105.8453
2182,40.5954,-105.8453
2183,40.5954,-105.8453
2184,40.5954,-105.8453
2185,40.5954,-105.8453
2186,40.5954,-105.8453
2187,40.5954,-105.8453
2188,40.5954,-105.8453
2189,40.5954,-105.8453
2190,40.5954,-105.8453
2191,40.5954,-105.8453
2192,40.5954,-105.8453
2193,40.5954,-105.8453
2194,40.5954,-105.8453
2195,40.5954,-105.8453
2196,40.5954,-105.8453
2197,40.5954,-105.8453
2198,40.5954,-105.8453
2199,40.5954,-105.8453
2200,40.5954,-105.8453
2201,40.5954,-105.8453
2202,40.5954,-105.8453
2203,40.5954,-105.8453
2204,40.5954,-105.8453
2205,40.5954,-105.8453
2206,40.5954,-105.8453
2207,40.5954,-105.8453
2208,40.5954,-105.8453
2209,40.5954,-105.8453
2210,40.5954,-105.8453
2211,40.5954,-105.8453
2212,40.5954,-105.8453
2213,40.5954,-105.8453
2214,40.5954,-105.8453
2215,40.5954,-105.8453
2216,40.5954,-105.8453
2217,40.5954,-105.8453
2218,43.8761,-110.5486
2219,43.8761,-110.5486
2220,43.8761,-110.5486
2221,43.8761,-110.5486
2222,43.8761,-110.5486
2223,43.8761,-110.5486
2224,43.8761,-110.5486
2225,43.8761,-110.5486
2226,43.8761,-110.5486
2227,43.8761,-110.5486
2228,43.8761,-110.5486
2229,43.8761,-110.5486
2230,43.8761,-110.5486
2231,43.8761,-110.5486
2232,43.8761,-110.5486
2233,43.8761,-110.5486
2234,43.8761,-110.5486
2235,43.8761,-110.5486
2236,43.8761,-110.5486
2237,43.8761,-110.5486
2238,43.8761,-110.5486
2239,43.8761,-110.5486
2240,43.8761,-110.5486
2241,43.8761,-110.5486
2242,43.8761,-110.5486
2243,43.8761,-110.5486
2244,43.8761,-110.5486
2245,43.8761,-110.5486
2246,43.8761,-110.5486
2247,43.8761,-110.5486
2248,43.8761,-110.5486
2249,43.8761,-110.5486
2250,43.8761,-110.5486
2251,43.8761,-110.5486
2252,43.8761,-110.5486
2253,43.8761,-110.5486
2254,43.8761,-110.5486
2255,43.8761,-110.5486
2256,43.8761,-110.5486
2257,43.8761,-110.5486
2258,43.8761,-110.5486
2259,43.8761,-110.5486
2260,43.8761,-110.5486
2261,43.8761,-110.5486
2262,43.8761,-110.5486
2263,43.8761,-110.5486
2264,43.8761,-110.5486
2265,43.8761,-110.5486
2266,43.8761,-110.5486
2267,43.8761,-110.5486
2268,43.8761,-110.5486
2269,43.8761,-110.5486
2270,43.8761,-110.5486
2271,43.8761,-110.5486
2272,43.8761,-110.5486
2273,43.8761,-110.5486
2274,43.8761,-110.5486
2275,34.2618,-116.8025
2276,34.2618,-116.8025
2277,34.2618,-116.8025
2278,34.2618,-116.8025
2279,34.2618,-116.8025
2280,34.2618,-116.8025
2281,34.2618,-116.8025
2282,34.2618,-116.8025
2283,34.2618,-116.8025
2284,34.2618,-116.8025
2285,34.2618,-116.8025
2286,34.2618,-116.8025
2287,34.2618,-116.8025
2288,34.2618,-116.8025
2289,34.2618,-116.8025
2290,34.2618,-116.8025
2291,34.2618,-116.8025
2292,34.2618,-116.8025
2293,34.2618,-116.8025
2294,34.2618,-116.8025
2295,34.2618,-116.8025
2296,34.2618,-116.8025
2297,34.2618,-116.8025
2298,34.2618,-116.8025
2299,34.2618,-116.8025
2300,34.2618,-116.8025
2301,34.2618,-116.8025
2302,34.2618,-116.8025
2303,34.2618,-116.8025
2304,34.2618,-116.8025
2305,34.2618,-116.8025
2306,34.2618,-116.8025
2307,34.2618,-116.8025
2308,34.2618,-116.8025
2309,34.2618,-116.8025
2310,34.2618,-116.8025
2311,34.2618,-116.8025
2312,34.2618,-116.8025
2313,34.2618,-116.8025
2314,34.2618,-116.8025
2315,34.2618,-116.8025
2316,34.2618,-116.8025
2317,34.2618,-116.8025
2318,34.2618,-116.8025
2319,34.2618,-116.8025
2320,34.2618,-116.8025
2321,34.2618,-116.8025
2322,34.2618,-116.8025
2323,34.2618,-116.8025
2324,34.2618,-116.8025
2325,34.2618,-116.8025
2326,34.2618,-116.8025
2327,34.2618,-116.8025
2328,34.2618,-116.8025
2329,34.2618,-116.8025
2330,34.2618,-116.8025
2331,34.2618,-116.8025
2332,34.2618,-116.8025
2333,34.2618,-116.8025
2334,34.2618,-116.8025
2335,34.2618,-116.8025
2336,34.2618,-116.8025
2337,34.2618,-116.8025
2338,34.2618,-116.8025
2339,34.2618,-116.8025
2340,34.2618,-116.8025
2341,34.2618,-116.8025
2342,34.2618,-116.8025
2343,34.2618,-116.8025
2344,34.2618,-116.8025
2345,34.2618,-116.8025
2346,34.2618,-116.8025
2347,34.2618,-116.8025
2348,34.2618,-116.8025
2349,34.2618,-116.8025
2350,34.2618,-116.8025
2351,34.2618,-116.8025
2352,34.2618,-116.8025
2353,34.2618,-116.8025
2354,34.2618,-116.8025
2355,34.2618,-116.8025
2356,34.2618,-116.8025
2357,34.2618,-116.8025
2358,34.2618,-116.8025
2359,34.2618,-116.8025
2360,34.2618,-116.8025
2361,34.2618,-116.8025
2362,34.2618,-116.8025
2363,34.2618,-116.8025
2364,34.2618,-116.8025
2365,34.2618,-116.8025
2366,34.2618,-116.8025
2367,34.2618,-116.8025
2368,34.2618,-116.8025
2369,34.2618,-116.8025
2370,34.2618,-116.8025
2371,34.2618,-116.8025
2372,34.2618,-116.8025
2373,34.2618,-116.8025
2374,34.2618,-116.8025
2375,34.2618,-116.8025
2376,34.2618,-116.8025
2377,34.2618,-116.8025
2378,34.2618,-116.8025
2379,34.2618,-116.8025
2380,34.2618,-116.8025
2381,34.2618,-116.8025
2382,34.2618,-116.8025
2383,34.2618,-116.8025
2384,34.2618,-116.8025
2385,34.2618,-116.8025
2386,34.2618,-116.8025
2387,34.2618,-116.8025
2388,34.2618,-116.8025
2389,34.2618,-116.8025
2390,34.2618,-116.8025
2391,34.2618,-116.8025
2392,34.2618,-116.8025
2393,34.2618,-116.8025
2394,34.2618,-116.8025
2395,34.2618,-116.8025
2396,34.2618,-116.8025
2397,34.2618,-116.8025
2398,34.2618,-116.8025
2399,34.2618,-116.8025
2400,34.2618,-116.8025
2401,34.2618,-116.8025
2402,34.2618,-116.8025
2403,34.2618,-116.8025
2404,34.2618,-116.8025
2405,34.2618,-116.8025
2406,34.2618,-116.8025
2407,34.2618,-116.8025
2408,34.2618,-116.8025
2409,34.2618,-116.8025
2410,38.3229698,-122.5749837
2411,38.3229698,-122.5749837
2412,38.3229698,-122.5749837
2413,38.3229698,-122.5749837
2414,38.3229698,-122.5749837
2415,38.3229698,-122.5749837
2416,38.3229698,-122.5749837
2417,38.3229698,-122.5749837
2418,38.3229698,-122.5749837
2419,38.3229698,-122.5749837
2420,38.3229698,-122.5749837
2421,38.3229698,-122.5749837
2422,38.3229698,-122.5749837
2423,38.3229698,-122.5749837
2424,38.3229698,-122.5749837
2425,38.3229698,-122.5749837
2426,38.3229698,-122.5749837
2427,38.3229698,-122.5749837
2428,38.3229698,-122.5749837
2429,38.3229698,-122.5749837
2430,38.3229698,-122.5749837
2431,38.3229698,-122.5749837
2432,38.3229698,-122.5749837
2433,38.3229698,-122.5749837
2434,38.3229698,-122.5749837
2435,38.3229698,-122.5749837
2436,38.3229698,-122.5749837
2437,38.3229698,-122.5749837
2438,38.3229698,-122.5749837
2439,38.3229698,-122.5749837
2440,38.3229698,-122.5749837
2441,38.3229698,-122.5749837
2442,38.3229698,-122.5749837
2443,38.3229698,-122.5749837
2444,38.3229698,-122.5749837
2445,38.3229698,-122.5749837
2446,38.3229698,-122.5749837
2447,38.3229698,-122.5749837
2448,38.3229698,-122.5749837
2449,38.3229698,-122.5749837
2450,38.3229698,-122.5749837
2451,38.3229698,-122.5749837
2452,38.3229698,-122.5749837
2453,38.3229698,-122.5749837
2454,38.3229698,-122.5749837
2455,38.3229698,-122.5749837
2456,38.3229698,-122.5749837
2457,38.3229698,-122.5749837
2458,38.3229698,-122.5749837
2459,38.3229698,-122.5749837
2460,38.3229698,-122.5749837
2461,38.3229698,-122.5749837
2462,38.3229698,-122.5749837
2463,38.3229698,-122.5749837
2464,38.3229698,-122.5749837
2465,38.3229698,-122.5749837
2466,38.3229698,-122.5749837
2467,38.3229698,-122.5749837
2468,38.3229698,-122.5749837
2469,38.3229698,-122.5749837
2470,38.3229698,-122.5749837
2471,38.3229698,-122.5749837
2472,38.3229698,-122.5749837
2473,38.3229698,-122.5749837
2474,38.3229698,-122.5749837
2475,38.3229698,-122.5749837
2476,38.3229698,-122.5749837
2477,38.3229698,-122.5749837
2478,38.3229698,-122.5749837
2479,38.3229698,-122.5749837
2480,38.3229698,-122.5749837
2481,38.3229698,-122.5749837
2482,38.3229698,-122.5749837
2483,38.3229698,-122.5749837
2484,44.371,-121.355
2485,44.371,-121.355
2486,44.371,-121.355
2487,44.371,-121.355
2488,44.371,-121.355
2489,44.371,-121.355
2490,44.371,-121.355
2491,44.371,-121.355
2492,44.371,-121.355
2493,44.371,-121.355
2494,44.371,-121.355
2495,44.371,-121.355
2496,44.371,-121.355
2497,44.371,-121.355
2498,44.371,-121.355
2499,44.371,-121.355
2500,44.371,-121.355
2501,44.371,-121.355
2502,44.371,-121.355
2503,44.371,-121.355
2504,44.371,-121.355
2505,44.371,-121.355
2506,44.371,-121.355
2507,44.371,-121.355
2508,44.371,-121.355
2509,44.371,-121.355
2510,44.371,-121.355
2511,44.371,-121.355
2512,44.371,-121.355
2513,44.371,-121.355
2514,44.371,-121.355
2515,44.371,-121.355
2516,44.371,-121.355
2517,44.371,-121.355
2518,44.371,-121.355
2519,44.371,-121.355
2520,44.371,-121.355
2521,44.371,-121.355
2522,44.371,-121.355
2523,44.371,-121.355
2524,44.371,-121.355
2525,44.371,-121.355
2526,44.371,-121.355
2527,44.371,-121.355
2528,44.371,-121.355
2529,44.371,-121.355
2530,44.371,-121.355
2531,44.371,-121.355
2532,44.371,-121.355
2533,44.371,-121.355
2534,44.371,-121.355
2535,44.371,-121.355
2536,44.371,-121.355
2537,44.371,-121.355
2538,44.371,-121.355
2539,44.371,-121.355
2540,44.371,-121.355
2541,44.371,-121.355
2542,44.371,-121.355
2543,44.371,-121.355
2544,44.371,-121.355
2545,44.371,-121.355
2546,44.371,-121.355
2547,44.371,-121.355
2548,44.371,-121.355
2549,44.371,-121.355
2550,44.371,-121.355
2551,44.371,-121.355
2552,44.371,-121.355
2553,44.371,-121.355
2554,44.371,-121.355
2555,44.371,-121.355
2556,44.371,-121.355
2557,44.371,-121.355
2558,44.371,-121.355
2559,44.371,-121.355
2560,44.371,-121.355
2561,44.371,-121.355
2562,44.371,-121.355
2563,44.371,-121.355
2564,44.371,-121.355
2565,44.371,-121.355
2566,44.371,-121.355
2567,44.371,-121.355
2568,44.371,-121.355
2569,44.371,-121.355
2570,44.371,-121.355
2571,44.371,-121.355
2572,44.371,-121.355
2573,44.371,-121.355
2574,44.371,-121.355
2575,44.371,-121.355
2576,44.371,-121.355
2577,44.371,-121.355
2578,44.371,-121.355
2579,44.371,-121.355
2580,44.371,-121.355
2581,44.371,-121.355
2582,44.371,-121.355
2583,44.371,-121.355
2584,44.371,-121.355
2585,44.371,-121.355
2586,44.371,-121.355
2587,44.371,-121.355
2588,44.371,-121.355
2589,44.371,-121.355
2590,44.371,-121.355
2591,44.371,-121.355
2592,43.8761,-110.5486
2593,43.8761,-110.5486
2594,43.8761,-110.5486
2595,43.8761,-110.5486
2596,43.8761,-110.5486
2597,43.8761,-110.5486
2598,43.8761,-110.5486
2599,43.8761,-110.5486
2600,43.8761,-110.5486
2601,43.8761,-110.5486
2602,43.8761,-110.5486
2603,43.8761,-110.5486
2604,43.8761,-110.5486
2605,43.8761,-110.5486
2606,43.8761,-110.5486
2607,43.8761,-110.5486
2608,43.8761,-110.5486
2609,43.8761,-110.5486
2610,43.8761,-110.5486
2611,43.8761,-110.5486
2612,43.8761,-110.5486
2613,43.8761,-110.5486
2614,43.8761,-110.5486
2615,43.8761,-110.5486
2616,43.8761,-110.5486
2617,43.8761,-110.5486
2618,43.8761,-110.5486
2619,43.8761,-110.5486
2620,43.8761,-110.5486
2621,43.8761,-110.5486
2622,43.8761,-110.5486
2623,43.8761,-110.5486
2624,43.8761,-110.5486
2625,43.8761,-110.5486
2626,43.8761,-110.5486
2627,43.8761,-110.5486
2628,43.8761,-110.5486
2629,43.8761,-110.5486
2630,43.8761,-110.5486
2631,43.8761,-110.5486
2632,43.8761,-110.5486
2633,43.8761,-110.5486
2634,43.8761,-110.5486
2635,43.8761,-110.5486
2636,43.8761,-110.5486
2637,43.8761,-110.5486
2638,43.8761,-110.5486
2639,43.8761,-110.5486
2640,43.8761,-110.5486
2641,43.8761,-110.5486
2642,43.8761,-110.5486
2643,43.8761,-110.5486
2644,43.8761,-110.5486
2645,43.8761,-110.5486
2646,43.8761,-110.5486
2647,36.63,-118.83
2648,36.63,-118.83
2649,36.63,-118.83
2650,36.63,-118.83
2651,36.63,-118.83
2652,36.63,-118.83
2653,36.63,-118.83
2654,36.63,-118.83
2655,36.63,-118.83
2656,36.63,-118.83
2657,36.63,-118.83
2658,36.63,-118.83
2659,36.63,-118.83
2660,36.63,-118.83
2661,36.63,-118.83
2662,36.63,-118.83
2663,36.63,-118.83
2664,36.63,-118.83
2665,36.63,-118.83
2666,36.63,-118.83
2667,36.63,-118.83
2668,36.63,-118.83
2669,36.63,-118.83
2670,36.63,-118.83
2671,36.63,-118.83
2672,36.63,-118.83
2673,36.63,-118.83
2674,36.63,-118.83
2675,36.63,-118.83
2676,36.63,-118.83
2677,36.63,-118.83
2678,36.63,-118.83
2679,36.63,-118.83
2680,36.63,-118.83
2681,36.63,-118.83
2682,36.63,-118.83
2683,36.63,-118.83
2684,36.63,-118.83
2685,36.63,-118.83
2686,36.63,-118.83
2687,36.63,-118.83
2688,36.63,-118.83
2689,36.63,-118.83
2690,36.63,-118.83
2691,36.63,-118.83
2692,36.63,-118.83
2693,36.63,-118.83
2694,36.63,-118.83
2695,36.63,-118.83
2696,36.63,-118.83
2697,36.63,-118.83
2698,36.63,-118.83
2699,36.63,-118.83
2700,36.63,-118.83
2701,36.63,-118.83
2702,36.63,-118.83
2703,36.63,-118.83
2704,36.63,-118.83
2705,36.63,-118.83
2706,36.63,-118.83
2707,36.63,-118.83
2708,36.63,-118.83
2709,36.63,-118.83
2710,36.63,-118.83
2711,36.63,-118.83
2712,36.63,-118.83
2713,36.63,-118.83
2714,36.63,-118.83
2715,36.63,-118.83
2716,36.63,-118.83
2717,36.63,-118.83
2718,36.63,-118.83
2719,36.63,-118.83
2720,36.63,-118.83
2721,36.63,-118.83
2722,36.63,-118.83
2723,36.63,-118.83
2724,36.63,-118.83
2725,36.63,-118.83
2726,36.63,-118.83
2727,36.63,-118.83
2728,36.63,-118.83
2729,36.63,-118.83
2730,36.63,-118.83
2731,36.63,-118.83
2732,36.63,-118.83
2733,36.63,-118.83
2734,36.63,-118.83
2735,36.63,-118.83
2736,36.63,-118.83
2737,36.63,-118.83
2738,36.63,-118.83
2739,36.63,-118.83
2740,36.63,-118.83
2741,36.63,-118.83
2742,36.63,-118.83
2743,36.63,-118.83
2744,36.63,-118.83
2745,36.63,-118.83
2746,36.63,-118.83
2747,36.63,-118.83
2748,36.63,-118.83
2749,36.63,-118.83
2750,36.63,-118.83
2751,36.63,-118.83
2752,36.63,-118.83
2753,36.63,-118.83
2754,36.63,-118.83
2755,36.63,-118.83
2756,36.63,-118.83
2757,36.63,-118.83
2758,36.63,-118.83
2759,36.63,-118.83
2760,36.63,-118.83
2761,36.63,-118.83
2762,36.63,-118.83
2763,36.63,-118.83
2764,36.63,-118.83
2765,36.63,-118.83
2766,36.63,-118.83
2767,36.63,-118.83
2768,36.63,-118.83
2769,36.63,-118.83
2770,36.63,-118.83
2771,36.63,-118.83
2772,36.63,-118.83
2773,36.63,-118.83
2774,36.63,-118.83
2775,36.63,-118.83
2776,36.63,-118.83
2777,36.63,-118.83
2778,36.63,-118.83
2779,36.63,-118.83
2780,36.63,-118.83
2781,36.63,-118.83
2782,36.63,-118.83
2783,36.63,-118.83
2784,36.63,-118.83
2785,36.63,-118.83
2786,36.63,-118.83
2787,36.63,-118.83
2788,36.63,-118.83
2789,36.63,-118.83
2790,36.63,-118.83
2791,36.63,-118.83
2792,36.63,-118.83
2793,36.63,-118.83
2794,36.63,-118.83
2795,36.63,-118.83
2796,36.63,-118.83
2797,36.63,-118.83
2798,36.63,-118.83
2799,36.63,-118.83
2800,36.63,-118.83
2801,36.63,-118.83
2802,36.63,-118.83
2803,36.63,-118.83
2804,36.63,-118.83
2805,36.63,-118.83
2806,36.63,-118.83
2807,36.63,-118.83
2808,36.63,-118.83
2809,36.63,-118.83
2810,36.63,-118.83
2811,36.63,-118.83
2812,36.63,-118.83
2813,36.63,-118.83
2814,36.63,-118.83
2815,36.63,-118.83
2816,36.63,-118.83
2817,36.63,-118.83
2818,36.63,-118.83
2819,36.63,-118.83
2820,36.63,-118.83
2821,36.63,-118.83
2822,36.63,-118.83
2823,36.63,-118.83
2824,36.63,-118.83
2825,36.63,-118.83
2826,36.63,-118.83
2827,36.63,-118.83
2828,36.63,-118.83
2829,36.63,-118.83
2830,36.63,-118.83
2831,36.63,-118.83
2832,36.63,-118.83
2833,36.63,-118.83
2834,36.63,-118.83
2835,36.63,-118.83
2836,36.63,-118.83
2837,36.63,-118.83
2838,36.63,-118.83
2839,36.63,-118.83
2840,36.63,-118.83
2841,36.63,-118.83
2842,36.63,-118.83
2843,36.63,-118.83
2844,36.63,-118.83
2845,36.63,-118.83
2846,36.63,-118.83
2847,36.63,-118.83
2848,36.63,-118.83
2849,36.63,-118.83
2850,36.63,-118.83
2851,36.63,-118.83
2852,36.63,-118.83
2853,36.63,-118.83
2854,36.63,-118.83
2855,36.63,-118.83
2856,36.63,-118.83
2857,36.63,-118.83
2858,36.63,-118.83
2859,36.63,-118.83
2860,36.63,-118.83
2861,36.63,-118.83
2862,36.63,-118.83
2863,36.63,-118.83
2864,36.63,-118.83
2865,36.63,-118.83
2866,36.63,-118.83
2867,36.63,-118.83
2868,36.63,-118.83
2869,36.63,-118.83
2870,36.63,-118.83
2871,36.63,-118.83
2872,36.63,-118.83
2873,36.63,-118.83
2874,36.63,-118.83
2875,36.63,-118.83
2876,36.63,-118.83
2877,36.63,-118.83
2878,36.63,-118.83
2879,36.63,-118.83
2880,36.63,-118.83
2881,36.63,-118.83
2882,36.63,-118.83
2883,36.63,-118.83
2884,36.63,-118.83
2885,36.63,-118.83
2886,36.63,-118.83
2887,36.63,-118.83
2888,36.63,-118.83
2889,36.63,-118.83
2890,36.63,-118.83
2891,36.63,-118.83
2892,36.63,-118.83
2893,36.63,-118.83
2894,36.63,-118.83
2895,36.63,-118.83
2896,36.63,-118.83
2897,36.63,-118.83
2898,36.63,-118.83
2899,36.63,-118.83
2900,36.63,-118.83
2901,36.63,-118.83
2902,36.63,-118.83
2903,36.63,-118.83
2904,36.63,-118.83
2905,36.63,-118.83
2906,36.63,-118.83
2907,36.63,-118.83
2908,36.63,-118.83
2909,36.63,-118.83
2910,36.63,-118.83
2911,36.63,-118.83
2912,36.63,-118.83
2913,36.63,-118.83
2914,36.63,-118.83
2915,36.63,-118.83
2916,36.63,-118.83
2917,36.63,-118.83
2918,36.63,-118.83
2919,36.63,-118.83
2920,36.63,-118.83
2921,36.63,-118.83
2922,36.63,-118.83
2923,36.63,-118.83
2924,36.63,-118.83
2925,36.63,-118.83
2926,36.63,-118.83
2927,36.63,-118.83
2928,36.63,-118.83
2929,36.63,-118.83
2930,36.63,-118.83
2931,36.63,-118.83
2932,36.63,-118.83
2933,36.63,-118.83
2934,36.63,-118.83
2935,36.63,-118.83
2936,36.63,-118.83
2937,36.63,-118.83
2938,36.63,-118.83
2939,36.63,-118.83
2940,36.63,-118.83
2941,36.63,-118.83
2942,36.63,-118.83
2943,36.63,-118.83
2944,36.63,-118.83
2945,36.63,-118.83
2946,36.63,-118.83
2947,36.63,-118.83
2948,36.63,-118.83
2949,36.63,-118.83
2950,36.63,-118.83
2951,36.63,-118.83
2952,36.63,-118.83
2953,36.63,-118.83
2954,36.63,-118.83
2955,43.8761,-110.5486
2956,43.8761,-110.5486
2957,43.8761,-110.5486
2958,43.8761,-110.5486
2959,43.8761,-110.5486
2960,43.8761,-110.5486
2961,43.8761,-110.5486
2962,43.8761,-110.5486
2963,43.8761,-110.5486
2964,43.8761,-110.5486
2965,43.8761,-110.5486
2966,43.8761,-110.5486
2967,33.93403,-116.6888
2968,33.93403,-116.6888
2969,33.93403,-116.6888
2970,33.93403,-116.6888
2971,33.93403,-116.6888
2972,33.93403,-116.6888
2973,33.93403,-116.6888
2974,33.93403,-116.6888
2975,33.93403,-116.6888
2976,33.93403,-116.6888
2977,33.93403,-116.6888
2978,33.93403,-116.6888
2979,33.93403,-116.6888
2980,34.5693,-116.4592
2981,34.5693,-116.4592
2982,34.5693,-116.4592
2983,34.5693,-116.4592
2984,34.5693,-116.4592
2985,34.5693,-116.4592
2986,34.5693,-116.4592
2987,34.5693,-116.4592
2988,34.5693,-116.4592
2989,34.5693,-116.4592
2990,34.5693,-116.4592
2991,34.5693,-116.4592
2992,58.75402,-93.99574
2993,58.75402,-93.99574
2994,58.75402,-93.99574
2995,58.75402,-93.99574
2996,58.75402,-93.99574
2997,58.75402,-93.99574
2998,58.75402,-93.99574
2999,58.75402,-93.99574
3000,58.76975,-93.84688
3001,58.76975,-93.84688
3002,58.76975,-93.84688
3003,58.76975,-93.84688
3004,58.76975,-93.84688
3005,58.76975,-93.84688
3006,58.76975,-93.84688
3007,58.76975,-93.84688
3008,58.76975,-93.84688
3009,58.76975,-93.84688
3010,58.76975,-93.84688
3011,58.76975,-93.84688
3012,58.76975,-93.84688
3013,58.76975,-93.84688
3014,58.76975,-93.84688
3015,58.76975,-93.84688
3016,58.76975,-93.84688
3017,58.76975,-93.84688
3018,58.76975,-93.84688
3019,58.76975,-93.84688
3020,58.76975,-93.84688
3021,58.76975,-93.84688
3022,58.76975,-93.84688
3023,58.76975,-93.84688
3024,58.76975,-93.84688
3025,58.76975,-93.84688
3026,58.76975,-93.84688
3027,58.76975,-93.84688
3028,58.76975,-93.84688
3029,58.76975,-93.84688
3030,58.76975,-93.84688
3031,58.76975,-93.84688
3032,58.76975,-93.84688
3033,58.76975,-93.84688
3034,58.76975,-93.84688
3035,58.76975,-93.84688
3036,58.76975,-93.84688
3037,58.76975,-93.84688
3038,58.76975,-93.84688
3039,58.76975,-93.84688
3040,58.76975,-93.84688
3041,58.71915,-93.83636
3042,58.71915,-93.83636
3043,58.71915,-93.83636
3044,58.71915,-93.83636
3045,58.71915,-93.83636
3046,58.71915,-93.83636
3047,58.71915,-93.83636
3048,58.71915,-93.83636
3049,58.71915,-93.83636
3050,58.71915,-93.83636
3051,58.71915,-93.83636
3052,58.71915,-93.83636
3053,58.71915,-93.83636
3054,58.74103,-93.82303
3055,58.74103,-93.82303
3056,58.74103,-93.82303
3057,58.74103,-93.82303
3058,58.74103,-93.82303
3059,58.74103,-93.82303
3060,58.74103,-93.82303
3061,58.74103,-93.82303
3062,58.74103,-93.82303
3063,58.74103,-93.82303
3064,58.74103,-93.82303
3065,58.74103,-93.82303
3066,58.74103,-93.82303
3067,58.74103,-93.82303
3068,58.74103,-93.82303
3069,58.74103,-93.82303
3070,58.74103,-93.82303
3071,58.74103,-93.82303
3072,58.74103,-93.82303
3073,58.74103,-93.82303
3074,58.74103,-93.82303
3075,58.74103,-93.82303
3076,58.76198,-94.01058
3077,58.76198,-94.01058
3078,58.76198,-94.01058
3079,58.76198,-94.01058
3080,58.76198,-94.01058
3081,58.76198,-94.01058
3082,58.76198,-94.01058
3083,58.76198,-94.01058
3084,58.76198,-94.01058
3085,58.76198,-94.01058
3086,58.76198,-94.01058
3087,58.76092,-94.0199
3088,58.76092,-94.0199
3089,58.76092,-94.0199
3090,58.76092,-94.0199
3091,58.76092,-94.0199
3092,58.76092,-94.0199
3093,58.76092,-94.0199
3094,58.76092,-94.0199
3095,58.62318,-93.80798
3096,58.62318,-93.80798
3097,58.62318,-93.80798
3098,58.62318,-93.80798
3099,58.62318,-93.80798
3100,58.62318,-93.80798
3101,58.62318,-93.80798
3102,58.62318,-93.80798
3103,58.62318,-93.80798
3104,58.62318,-93.80798
3105,58.62318,-93.80798
3106,58.62318,-93.80798
3107,58.62318,-93.80798
3108,58.67161,-93.83892
3109,58.67161,-93.83892
3110,58.67161,-93.83892
3111,58.67161,-93.83892
3112,58.67161,-93.83892
3113,58.67161,-93.83892
3114,58.67161,-93.83892
3115,58.67161,-93.83892
3116,58.67161,-93.83892
3117,58.67161,-93.83892
3118,58.67161,-93.83892
3119,58.67161,-93.83892
3120,58.67161,-93.83892
3121,58.67161,-93.83892
3122,58.67161,-93.83892
3123,58.67161,-93.83892
3124,58.62368,-94.23034
3125,58.62368,-94.23034
3126,58.62368,-94.23034
3127,58.62368,-94.23034
3128,58.62368,-94.23034
3129,58.62368,-94.23034
3130,58.62368,-94.23034
3131,58.62368,-94.23034
3132,58.62368,-94.23034
3133,58.62368,-94.23034
3134,58.62368,-94.23034
3135,58.62368,-94.23034
3136,58.62368,-94.23034
3137,58.62368,-94.23034
3138,58.62368,-94.23034
3139,58.62368,-94.23034
3140,58.62296,-94.23047
3141,58.62296,-94.23047
3142,58.62296,-94.23047
3143,58.62296,-94.23047
3144,58.62296,-94.23047
3145,58.62296,-94.23047
3146,58.62296,-94.23047
3147,58.62296,-94.23047
3148,58.62296,-94.23047
3149,58.62296,-94.23047
3150,58.62296,-94.23047
3151,58.62296,-94.23047
3152,58.62296,-94.23047
3153,58.62296,-94.23047
3154,58.62296,-94.23047
3155,58.62296,-94.23047
3156,58.62296,-94.23047
3157,58.62296,-94.23047
3158,58.62296,-94.23047
3159,58.7551,-93.84997
3160,58.7551,-93.84997
3161,58.7551,-93.84997
3162,58.7551,-93.84997
3163,58.7551,-93.84997
3164,58.7551,-93.84997
3165,58.7551,-93.84997
3166,58.7551,-93.84997
3167,58.7551,-93.84997
3168,58.7551,-93.84997
3169,58.7551,-93.84997
3170,58.7551,-93.84997
3171,58.7551,-93.84997
3172,58.7551,-93.84997
3173,58.7551,-93.84997
3174,58.7551,-93.84997
3175,58.7551,-93.84997
3176,58.7551,-93.84997
3177,58.7551,-93.84997
3178,58.7551,-93.84997
3179,58.7551,-93.84997
3180,58.7551,-93.84997
3181,58.7551,-93.84997
3182,58.76487,-93.96653
3183,58.76487,-93.96653
3184,58.76487,-93.96653
3185,58.76487,-93.96653
3186,58.76487,-93.96653
3187,58.76487,-93.96653
3188,58.76487,-93.96653
3189,58.76487,-93.96653
3190,58.72915,-93.76871
3191,58.72915,-93.76871
3192,58.72915,-93.76871
3193,58.72915,-93.76871
3194,58.72915,-93.76871
3195,58.72915,-93.76871
3196,58.72915,-93.76871
3197,58.72915,-93.76871
3198,58.72915,-93.76871
3199,58.72915,-93.76871
3200,58.72915,-93.76871
3201,58.72915,-93.76871
3202,58.72915,-93.76871
3203,58.72915,-93.76871
3204,58.72915,-93.76871
3205,58.72915,-93.76871
3206,58.72915,-93.76871
3207,58.72915,-93.76871
3208,58.72915,-93.76871
3209,58.72915,-93.76871
3210,58.72915,-93.76871
3211,58.72915,-93.76871
3212,58.72915,-93.76871
3213,58.72915,-93.76871
3214,58.72915,-93.76871
3215,58.72915,-93.76871
3216,58.72459,-93.77122
3217,58.72459,-93.77122
3218,58.72459,-93.77122
3219,58.72459,-93.77122
3220,58.72459,-93.77122
3221,58.72459,-93.77122
3222,58.73296,-93.80939
3223,58.73296,-93.80939
3224,58.73296,-93.80939
3225,58.73296,-93.80939
3226,58.73296,-93.80939
3227,58.73296,-93.80939
3228,58.73296,-93.80939
3229,58.73296,-93.80939
3230,58.73456,-93.80975
3231,58.73456,-93.80975
3232,58.73456,-93.80975
3233,58.73456,-93.80975
3234,58.73456,-93.80975
3235,58.73456,-93.80975
3236,58.73456,-93.80975
3237,58.73456,-93.80975
3238,58.73456,-93.80975
3239,58.73456,-93.80975
3240,58.73456,-93.80975
3241,58.73456,-93.80975
3242,58.73456,-93.80975
3243,58.73456,-93.80975
3244,58.73456,-93.80975
3245,58.73456,-93.80975
3246,58.73456,-93.80975
3247,58.73456,-93.80975
3248,58.73131,-93.81436
3249,58.73131,-93.81436
3250,58.73131,-93.81436
3251,58.73131,-93.81436
3252,58.73131,-93.81436
3253,58.73131,-93.81436
3254,58.73131,-93.81436
3255,58.73131,-93.81436
3256,58.73131,-93.81436
3257,58.73131,-93.81436
3258,58.73131,-93.81436
3259,58.73131,-93.81436
3260,58.7119,-93.8383
3261,58.7119,-93.8383
3262,58.7119,-93.8383
3263,58.7119,-93.8383
3264,58.7119,-93.8383
3265,58.7119,-93.8383
3266,58.7119,-93.8383
3267,58.7119,-93.8383
3268,58.7119,-93.8383
3269,58.7119,-93.8383
3270,58.7119,-93.8383
3271,58.7119,-93.8383
3272,58.7119,-93.8383
3273,58.7119,-93.8383
3274,58.7119,-93.8383
3275,58.7119,-93.8383
3276,58.7119,-93.8383
3277,58.7119,-93.8383
3278,58.7119,-93.8383
3279,58.7119,-93.8383
3280,58.7119,-93.8383
3281,58.62135,-93.82289
3282,58.62135,-93.82289
3283,58.62135,-93.82289
3284,58.62135,-93.82289
3285,58.62135,-93.82289
3286,58.62135,-93.82289
3287,58.61926,-93.8288
3288,58.61926,-93.8288
3289,58.61926,-93.8288
3290,58.61926,-93.8288
3291,58.61926,-93.8288
3292,58.61926,-93.8288
3293,58.61926,-93.8288
3294,58.61926,-93.8288
3295,58.61926,-93.8288
3296,58.61926,-93.8288
3297,58.61926,-93.8288
3298,58.61926,-93.8288
3299,58.61926,-93.8288
3300,58.61926,-93.8288
3301,58.71536,-93.83679
3302,58.71536,-93.83679
3303,58.71536,-93.83679
3304,58.71536,-93.83679
3305,58.71536,-93.83679
3306,58.71536,-93.83679
3307,58.71536,-93.83679
3308,58.71536,-93.83679
3309,58.71536,-93.83679
3310,58.71536,-93.83679
3311,58.71536,-93.83679
3312,58.75402,-93.99574
3313,58.75402,-93.99574
3314,58.75402,-93.99574
3315,58.75402,-93.99574
3316,58.75402,-93.99574
3317,58.75402,-93.99574
3318,58.75402,-93.99574
3319,58.75402,-93.99574
3320,58.76975,-93.84688
3321,58.76975,-93.84688
3322,58.76975,-93.84688
3323,58.76975,-93.84688
3324,58.76975,-93.84688
3325,58.76975,-93.84688
3326,58.76975,-93.84688
3327,58.76975,-93.84688
3328,58.76975,-93.84688
3329,58.76975,-93.84688
3330,58.76975,-93.84688
3331,58.76975,-93.84688
3332,58.76975,-93.84688
3333,58.76975,-93.84688
3334,58.76975,-93.84688
3335,58.76975,-93.84688
3336,58.76975,-93.84688
3337,58.76975,-93.84688
3338,58.76975,-93.84688
3339,58.76975,-93.84688
3340,58.76975,-93.84688
3341,58.76975,-93.84688
3342,58.76975,-93.84688
3343,58.76975,-93.84688
3344,58.76975,-93.84688
3345,58.76975,-93.84688
3346,58.76975,-93.84688
3347,58.76975,-93.84688
3348,58.76975,-93.84688
3349,58.76975,-93.84688
3350,58.76975,-93.84688
3351,58.76975,-93.84688
3352,58.76975,-93.84688
3353,58.76975,-93.84688
3354,58.76975,-93.84688
3355,58.76975,-93.84688
3356,58.76975,-93.84688
3357,58.76975,-93.84688
3358,58.76975,-93.84688
3359,58.76975,-93.84688
3360,58.76975,-93.84688
3361,58.71915,-93.83636
3362,58.71915,-93.83636
3363,58.71915,-93.83636
3364,58.71915,-93.83636
3365,58.71915,-93.83636
3366,58.71915,-93.83636
3367,58.71915,-93.83636
3368,58.71915,-93.83636
3369,58.71915,-93.83636
3370,58.71915,-93.83636
3371,58.71915,-93.83636
3372,58.71915,-93.83636
3373,58.71915,-93.83636
3374,58.74085,-93.82547
3375,58.74085,-93.82547
3376,58.74085,-93.82547
3377,58.74085,-93.82547
3378,58.74085,-93.82547
3379,58.74085,-93.82547
3380,58.74085,-93.82547
3381,58.74085,-93.82547
3382,58.74085,-93.82547
3383,58.74085,-93.82547
3384,58.74085,-93.82547
3385,58.74085,-93.82547
3386,58.74085,-93.82547
3387,58.74085,-93.82547
3388,58.74085,-93.82547
3389,58.74085,-93.82547
3390,58.74103,-93.82303
3391,58.74103,-93.82303
3392,58.74103,-93.82303
3393,58.74103,-93.82303
3394,58.74103,-93.82303
3395,58.74103,-93.82303
3396,58.74103,-93.82303
3397,58.74103,-93.82303
3398,58.74103,-93.82303
3399,58.74103,-93.82303
3400,58.74103,-93.82303
3401,58.74103,-93.82303
3402,58.74103,-93.82303
3403,58.74103,-93.82303
3404,58.74103,-93.82303
3405,58.74103,-93.82303
3406,58.74103,-93.82303
3407,58.74103,-93.82303
3408,58.74103,-93.82303
3409,58.74103,-93.82303
3410,58.74103,-93.82303
3411,58.74103,-93.82303
3412,58.76198,-94.01058
3413,58.76198,-94.01058
3414,58.76198,-94.01058
3415,58.76198,-94.01058
3416,58.76198,-94.01058
3417,58.76198,-94.01058
3418,58.76198,-94.01058
3419,58.76198,-94.01058
3420,58.76198,-94.01058
3421,58.76198,-94.01058
3422,58.76198,-94.01058
3423,58.76092,-94.0199
3424,58.76092,-94.0199
3425,58.76092,-94.0199
3426,58.76092,-94.0199
3427,58.76092,-94.0199
3428,58.76092,-94.0199
3429,58.76092,-94.0199
3430,58.76092,-94.0199
3431,58.62318,-93.80798
3432,58.62318,-93.80798
3433,58.62318,-93.80798
3434,58.62318,-93.80798
3435,58.62318,-93.80798
3436,58.62318,-93.80798
3437,58.62318,-93.80798
3438,58.62318,-93.80798
3439,58.62318,-93.80798
3440,58.62318,-93.80798
3441,58.62318,-93.80798
3442,58.62318,-93.80798
3443,58.62318,-93.80798
3444,58.67161,-93.83892
3445,58.67161,-93.83892
3446,58.67161,-93.83892
3447,58.67161,-93.83892
3448,58.67161,-93.83892
3449,58.67161,-93.83892
3450,58.67161,-93.83892
3451,58.67161,-93.83892
3452,58.67161,-93.83892
3453,58.67161,-93.83892
3454,58.67161,-93.83892
3455,58.67161,-93.83892
3456,58.67161,-93.83892
3457,58.67161,-93.83892
3458,58.67161,-93.83892
3459,58.67161,-93.83892
3460,58.62368,-94.23034
3461,58.62368,-94.23034
3462,58.62368,-94.23034
3463,58.62368,-94.23034
3464,58.62368,-94.23034
3465,58.62368,-94.23034
3466,58.62368,-94.23034
3467,58.62368,-94.23034
3468,58.62368,-94.23034
3469,58.62368,-94.23034
3470,58.62368,-94.23034
3471,58.62368,-94.23034
3472,58.62368,-94.23034
3473,58.62368,-94.23034
3474,58.62368,-94.23034
3475,58.62368,-94.23034
3476,58.62296,-94.23047
3477,58.62296,-94.23047
3478,58.62296,-94.23047
3479,58.62296,-94.23047
3480,58.62296,-94.23047
3481,58.62296,-94.23047
3482,58.62296,-94.23047
3483,58.62296,-94.23047
3484,58.62296,-94.23047
3485,58.62296,-94.23047
3486,58.62296,-94.23047
3487,58.62296,-94.23047
3488,58.62296,-94.23047
3489,58.62296,-94.23047
3490,58.62296,-94.23047
3491,58.62296,-94.23047
3492,58.62296,-94.23047
3493,58.62296,-94.23047
3494,58.62296,-94.23047
3495,58.7551,-93.84997
3496,58.7551,-93.84997
3497,58.7551,-93.84997
3498,58.7551,-93.84997
3499,58.7551,-93.84997
3500,58.7551,-93.84997
3501,58.7551,-93.84997
3502,58.7551,-93.84997
3503,58.7551,-93.84997
3504,58.7551,-93.84997
3505,58.7551,-93.84997
3506,58.7551,-93.84997
3507,58.7551,-93.84997
3508,58.7551,-93.84997
3509,58.7551,-93.84997
3510,58.7551,-93.84997
3511,58.7551,-93.84997
3512,58.7551,-93.84997
3513,58.7551,-93.84997
3514,58.7551,-93.84997
3515,58.7551,-93.84997
3516,58.7551,-93.84997
3517,58.7551,-93.84997
3518,58.76487,-93.96653
3519,58.76487,-93.96653
3520,58.76487,-93.96653
3521,58.76487,-93.96653
3522,58.76487,-93.96653
3523,58.76487,-93.96653
3524,58.76487,-93.96653
3525,58.76487,-93.96653
3526,58.71837,-94.13555
3527,58.71837,-94.13555
3528,58.71837,-94.13555
3529,58.71837,-94.13555
3530,58.71837,-94.13555
3531,58.71837,-94.13555
3532,58.72915,-93.76871
3533,58.72915,-93.76871
3534,58.72915,-93.76871
3535,58.72915,-93.76871
3536,58.72915,-93.76871
3537,58.72915,-93.76871
3538,58.72915,-93.76871
3539,58.72915,-93.76871
3540,58.72915,-93.76871
3541,58.72915,-93.76871
3542,58.72915,-93.76871
3543,58.72915,-93.76871
3544,58.72915,-93.76871
3545,58.72915,-93.76871
3546,58.72915,-93.76871
3547,58.72915,-93.76871
3548,58.72915,-93.76871
3549,58.72915,-93.76871
3550,58.72915,-93.76871
3551,58.72915,-93.76871
3552,58.72915,-93.76871
3553,58.72915,-93.76871
3554,58.72915,-93.76871
3555,58.72915,-93.76871
3556,58.72915,-93.76871
3557,58.72915,-93.76871
3558,58.72459,-93.77122
3559,58.72459,-93.77122
3560,58.72459,-93.77122
3561,58.72459,-93.77122
3562,58.72459,-93.77122
3563,58.72459,-93.77122
3564,58.73296,-93.80939
3565,58.73296,-93.80939
3566,58.73296,-93.80939
3567,58.73296,-93.80939
3568,58.73296,-93.80939
3569,58.73296,-93.80939
3570,58.73296,-93.80939
3571,58.73296,-93.80939
3572,58.73456,-93.80975
3573,58.73456,-93.80975
3574,58.73456,-93.80975
3575,58.73456,-93.80975
3576,58.73456,-93.80975
3577,58.73456,-93.80975
3578,58.73456,-93.80975
3579,58.73456,-93.80975
3580,58.73456,-93.80975
3581,58.73456,-93.80975
3582,58.73456,-93.80975
3583,58.73456,-93.80975
3584,58.73456,-93.80975
3585,58.73456,-93.80975
3586,58.73456,-93.80975
3587,58.73456,-93.80975
3588,58.73456,-93.80975
3589,58.73456,-93.80975
3590,58.73131,-93.81436
3591,58.73131,-93.81436
3592,58.73131,-93.81436
3593,58.73131,-93.81436
3594,58.73131,-93.81436
3595,58.73131,-93.81436
3596,58.73131,-93.81436
3597,58.73131,-93.81436
3598,58.73131,-93.81436
3599,58.73131,-93.81436
3600,58.73131,-93.81436
3601,58.73131,-93.81436
3602,58.71586,-93.83691
3603,58.71586,-93.83691
3604,58.71586,-93.83691
3605,58.71586,-93.83691
3606,58.71586,-93.83691
3607,58.71586,-93.83691
3608,58.71586,-93.83691
3609,58.71586,-93.83691
3610,58.71586,-93.83691
3611,58.7119,-93.8383
3612,58.7119,-93.8383
3613,58.7119,-93.8383
3614,58.7119,-93.8383
3615,58.7119,-93.8383
3616,58.7119,-93.8383
3617,58.7119,-93.8383
3618,58.7119,-93.8383
3619,58.7119,-93.8383
3620,58.7119,-93.8383
3621,58.7119,-93.8383
3622,58.7119,-93.8383
3623,58.7119,-93.8383
3624,58.7119,-93.8383
3625,58.7119,-93.8383
3626,58.7119,-93.8383
3627,58.7119,-93.8383
3628,58.7119,-93.8383
3629,58.7119,-93.8383
3630,58.7119,-93.8383
3631,58.7119,-93.8383
3632,58.62135,-93.82289
3633,58.62135,-93.82289
3634,58.62135,-93.82289
3635,58.62135,-93.82289
3636,58.62135,-93.82289
3637,58.62135,-93.82289
3638,58.62316,-93.82921
3639,58.62316,-93.82921
3640,58.62316,-93.82921
3641,58.62316,-93.82921
3642,58.61926,-93.8288
3643,58.61926,-93.8288
3644,58.61926,-93.8288
3645,58.61926,-93.8288
3646,58.61926,-93.8288
3647,58.61926,-93.8288
3648,58.61926,-93.8288
3649,58.61926,-93.8288
3650,58.61926,-93.8288
3651,58.61926,-93.8288
3652,58.61926,-93.8288
3653,58.61926,-93.8288
3654,58.61926,-93.8288
3655,58.61926,-93.8288
3656,58.61926,-93.8288
3657,58.71536,-93.83679
3658,58.71536,-93.83679
3659,58.71536,-93.83679
3660,58.71536,-93.83679
3661,58.71536,-93.83679
3662,58.71536,-93.83679
3663,58.71536,-93.83679
3664,58.71536,-93.83679
3665,58.71536,-93.83679
3666,58.71536,-93.83679
3667,58.71536,-93.83679
3668,38.1497,-122.9102
3669,38.1497,-122.9102
3670,38.1497,-122.9102
3671,38.1497,-122.9102
3672,38.0553,-122.795
3673,38.0553,-122.795
3674,38.0553,-122.795
3675,38.0553,-122.795
3676,42.4167,-71.4726
3677,42.4167,-71.4726
3678,42.4189,-70.4729
3679,42.4189,-70.4729
3680,42.4196,-71.4794
3681,42.4196,-71.4794
3682,42.4145,-71.4989
3683,42.4145,-71.4989
3684,39.068,-76.8208
3685,39.068,-76.8208
3686,39.068,-76.8208
3687,37.7093,-92.2096
3688,37.7553,-92.177
3689,37.7553,-92.177
3690,37.7553,-92.177
3691,37.7553,-92.177
3692,37.7218,-92.2035
3693,37.7218,-92.2035
3694,37.7218,-92.2035
3695,46.8961,-113.4417
3696,46.8961,-113.4417
3697,46.8961,-113.4417
3698,46.8961,-113.4417
3699,46.0972,-114.2642
3700,46.0972,-114.2642
3701,46.0972,-114.2642
3702,46.0972,-114.2642
3703,48.1744,-114.7983
3704,48.1744,-114.7983
3705,48.1521,-114.7973
3706,48.1521,-114.7973
3707,36.2294,-81.6378
3708,36.2294,-81.6378
3709,36.2293,-81.6419
3710,48.8475,-104.1315
3711,48.6978,-102.9426
3712,48.6978,-102.9426
3713,48.7178,-102.927
3714,48.7178,-102.927
3715,48.7178,-102.927
3716,48.7169,-102.9258
3717,48.7169,-102.9258
3718,48.7169,-102.9258
3719,48.8769,-102.6335
3720,48.8475,-104.1315
3721,48.6978,-102.9426
3722,48.6978,-102.9426
3723,48.6978,-102.9426
3724,48.6978,-102.9426
3725,48.6978,-102.9426
3726,48.7155,-102.9197
3727,48.7155,-102.9197
3728,48.7155,-102.9197
3729,48.7155,-102.9197
3730,48.7155,-102.9197
3731,48.7178,-102.927
3732,48.7178,-102.927
3733,48.7178,-102.927
3734,48.7178,-102.927
3735,48.7178,-102.927
3736,48.7178,-102.927
3737,48.7178,-102.9251
3738,48.7169,-102.9258
3739,48.7169,-102.9258
3740,48.7169,-102.9258
3741,48.7169,-102.9258
3742,48.7169,-102.9258
3743,48.7169,-102.9258
3744,48.7072,-102.9288
3745,48.7072,-102.9288
3746,48.7072,-102.9288
3747,48.7072,-102.9288
3748,48.7072,-102.9288
3749,48.5903,-104.085
3750,48.6847,-102.6486
3751,42.84166667,127.375
3752,42.84166667,127.375
3753,42.84166667,127.375
3754,42.84166667,127.375
3755,42.84166667,127.375
3756,42.84166667,127.375
3757,42.84166667,127.375
3758,42.84166667,127.375
3759,42.84166667,127.375
3760,42.84166667,127.375
3761,42.84166667,127.375
3762,42.84166667,127.375
3763,36.41666667,104.3833333
3764,35.93333333,103.25
3765,36.41666667,104.3833333
3766,35.93333333,103.25
3767,36.41666667,104.3833333
3768,35.93333333,103.25
3769,42.98136,126.75565
3770,42.98136,126.75565
3771,42.98136,126.75565
3772,42.98136,126.75565
3773,42.98136,126.75565
3774,42.98136,126.75565
3775,42.98136,126.75565
3776,42.98136,126.75565
3777,42.98136,126.75565
3778,42.98136,126.75565
3779,42.98136,126.75565
3780,42.98136,126.75565
3781,42.98136,126.75565
3782,42.98136,126.75565
3783,42.98136,126.75565
3784,42.98136,126.75565
3785,42.98136,126.75565
3786,42.98136,126.75565
3787,29.65054,111.03384
3788,29.66449,111.05161
3789,27.684126,111.440099
3790,27.684126,111.440099
3791,27.684126,111.440099
3792,30.5966,103.9015556
3793,30.5966,103.9015556
3794,30.5966,103.9015556
3795,30.5966,103.9015556
3796,30.5966,103.9015556
3797,30.67546111,103.9010361
3798,30.67546111,103.9010361
3799,30.67546111,103.9010361
3800,30.67546111,103.9010361
3801,30.67546111,103.9010361
3802,30.57771667,103.7416
3803,30.57771667,103.7416
3804,30.57771667,103.7416
3805,30.57771667,103.7416
3806,30.57771667,103.7416
3807,30.83610833,103.9541556
3808,30.83610833,103.9541556
3809,30.83610833,103.9541556
3810,30.83610833,103.9541556
3811,30.83610833,103.9541556
3812,30.87056389,103.8962694
3813,30.87056389,103.8962694
3814,30.87056389,103.8962694
3815,30.87056389,103.8962694
3816,30.87056389,103.8962694
3817,30.72279444,104.2363306
3818,30.72279444,104.2363306
3819,30.72279444,104.2363306
3820,30.72279444,104.2363306
3821,30.72279444,104.2363306
3822,30.858525,104.11955
3823,30.858525,104.11955
3824,30.858525,104.11955
3825,30.858525,104.11955
3826,30.858525,104.11955
3827,30.88637778,104.1603
3828,30.88637778,104.1603
3829,30.88637778,104.1603
3830,30.88637778,104.1603
3831,30.88637778,104.1603
3832,31.19886111,104.1759611
3833,31.19886111,104.1759611
3834,31.19886111,104.1759611
3835,31.19886111,104.1759611
3836,31.19886111,104.1759611
3837,31.00986111,103.6040444
3838,31.00986111,103.6040444
3839,31.00986111,103.6040444
3840,31.00986111,103.6040444
3841,31.00986111,103.6040444
3842,31.01186111,103.5911278
3843,31.01186111,103.5911278
3844,31.01186111,103.5911278
3845,31.01186111,103.5911278
3846,31.01186111,103.5911278
3847,30.824475,103.6109361
3848,30.824475,103.6109361
3849,30.824475,103.6109361
3850,30.824475,103.6109361
3851,30.824475,103.6109361
3852,30.864675,103.5580333
3853,30.864675,103.5580333
3854,30.864675,103.5580333
3855,30.864675,103.5580333
3856,30.864675,103.5580333
3857,30.64628611,103.3179972
3858,30.64628611,103.3179972
3859,30.64628611,103.3179972
3860,30.64628611,103.3179972
3861,30.64628611,103.3179972
3862,30.66624722,104.1197722
3863,30.66624722,104.1197722
3864,30.66624722,104.1197722
3865,30.66624722,104.1197722
3866,30.66624722,104.1197722
3867,31.27478889,103.8217444
3868,31.27478889,103.8217444
3869,31.27478889,103.8217444
3870,31.27478889,103.8217444
3871,31.27478889,103.8217444
3872,30.61447778,103.6302972
3873,30.62057222,103.6257639
3874,30.51101944,103.9804
3875,30.62045,103.9032056
3876,30.58028056,103.7365667
3877,30.58659722,103.6880972
3878,30.61405556,103.6094944
3879,30.57561667,103.5570778
3880,30.54203889,103.637475
3881,30.635075,104.3633944
3882,30.81193056,104.2794611
3883,30.78849167,104.1444139
3884,30.79778056,103.3880194
3885,31.01601944,103.6585972
3886,30.68010556,103.4824528
3887,30.56091667,103.5062972
3888,38.1853,-78.8465
3889,38.1853,-78.8465
3890,38.1853,-78.8465
3891,38.1853,-78.8465
3892,38.1853,-78.8465
3893,38.1853,-78.8465
3894,38.1853,-78.8465
3895,38.1853,-78.8465
3896,38.1853,-78.8465
3897,38.1853,-78.8465
3898,38.1853,-78.8465
3899,38.1853,-78.8465
3900,38.1853,-78.8465
3901,38.1853,-78.8465
3902,38.1853,-78.8465
3903,38.1853,-78.8465
3904,38.1853,-78.8465
3905,38.1853,-78.8465
3906,38.1853,-78.8465
3907,38.1853,-78.8465
3908,38.1853,-78.8465
3909,38.1853,-78.8465
3910,38.1853,-78.8465
3911,38.1853,-78.8465
3912,38.1853,-78.8465
3913,38.1853,-78.8465
3914,38.1853,-78.8465
3915,38.1853,-78.8465
3916,38.1853,-78.8465
3917,38.1853,-78.8465
3918,38.1853,-78.8465
3919,38.1853,-78.8465
3920,38.1853,-78.8465
3921,38.1853,-78.8465
3922,38.1853,-78.8465
3923,38.1853,-78.8465
3924,38.1853,-78.8465
3925,38.1853,-78.8465
3926,38.1853,-78.8465
3927,38.1853,-78.8465
3928,38.1853,-78.8465
3929,38.1853,-78.8465
3930,38.1853,-78.8465
3931,38.1853,-78.8465
3932,38.1853,-78.8465
3933,38.1853,-78.8465
3934,38.1853,-78.8465
3935,38.1853,-78.8465
3936,38.1853,-78.8465
3937,38.1853,-78.8465
3938,38.1853,-78.8465
3939,38.1853,-78.8465
3940,38.1853,-78.8465
3941,13.71537,100.50842
3942,21.02406,105.84385
3943,-28.6075,-49.58
3944,-28.59083333,-49.4525
3945,43.61666667,18.8
3946,47.5,19.23333333
3947,47.55,21.61666667
3948,-2.84849,-55.02469
3949,-2.84902,-55.01705
3950,-2.85116,-54.99823
3951,-2.8593,-55.01687
3952,-2.84849,-55.02469
3953,-2.84902,-55.01705
3954,-2.84982,-55.00761
3955,-2.85116,-54.99823
3956,-2.84866,-55.0338
3957,-2.85943,-55.02558
3958,-2.8593,-55.01687
3959,-2.86011,-55.00844
3960,-2.86,-54.99838
3961,-2.85495,-55.03444
3962,-2.46265,-54.928199
3963,-3.389,-54.9417
3964,-3.3996,-54.9409
3965,-3.4076,-54.941
3966,-3.3798,-54.9517
3967,-3.3897,-54.951
3968,-3.4077,-54.9517
3969,-3.3719,-54.9515
3970,-3.47469444,-54.92908333
3971,-3.474691,-54.937985
3972,-3.474865,-54.946814
3973,-3.4718,-54.9199
3974,-3.481726,-54.920354
3975,-3.482345,-54.929322
3976,-3.482917,-54.937166
3977,-3.483839,-54.94622
3978,-3.48122,-54.911498
3979,-2.83658333,-54.93316667
3980,-2.83630556,-54.94186111
3981,-2.84722222,-54.93211111
3982,-2.84686111,-54.94183333
3983,-2.8439,-54.9506
3984,-2.84580556,-54.91480556
3985,-2.536157,-54.925828
3986,-2.535052,-54.912792
3987,-2.548066,-54.898723
3988,-2.84982,-55.00761
3989,-2.85943,-55.02558
3990,-2.85495,-55.03444
3991,-2.483828,-54.944356
3992,-2.457407,-54.932036
3993,-2.46265,-54.928199
3994,-2.469255,-54.936807
3995,-2.464236,-54.947689
3996,-2.481691,-54.922548
3997,-2.485842,-54.91659
3998,-2.493558,-54.928483
3999,-2.481243,-54.933198
4000,-2.496269,-54.938164
4001,-2.495864,-54.91328
4002,-2.499416,-54.903291
4003,-2.474589,-54.963979
4004,-2.468867,-54.892866
4005,-2.458077,-54.89802
4006,-2.456904,-54.891425
4007,-2.486811,-54.966134
4008,-2.470796,-54.951289
4009,-2.478045,-54.950103
4010,-3.482917,-54.937166
4011,-2.540585,-54.956952
4012,-2.536157,-54.925828
4013,-2.535052,-54.912792
4014,-2.547801,-54.949814
4015,-2.548066,-54.898723
4016,-2.84849,-55.02469
4017,-2.84902,-55.01705
4018,-2.84982,-55.00761
4019,-2.84866,-55.0338
4020,-2.85943,-55.02558
4021,-2.8593,-55.01687
4022,-2.86011,-55.00844
4023,-2.86,-54.99838
4024,-2.85495,-55.03444
4025,-2.499416,-54.903291
4026,-3.3806,-54.942
4027,-3.389,-54.9417
4028,-3.3996,-54.9409
4029,-3.4076,-54.941
4030,-3.3798,-54.9517
4031,-3.3897,-54.951
4032,-3.4077,-54.9517
4033,-3.3719,-54.9515
4034,-3.47469444,-54.92908333
4035,-3.474691,-54.937985
4036,-3.474865,-54.946814
4037,-3.4718,-54.9199
4038,-3.481726,-54.920354
4039,-3.482345,-54.929322
4040,-3.482917,-54.937166
4041,-3.483839,-54.94622
4042,-3.48122,-54.911498
4043,-2.83658333,-54.93316667
4044,-2.83630556,-54.94186111
4045,-2.84722222,-54.93211111
4046,-2.84686111,-54.94183333
4047,-2.8439,-54.9506
4048,-2.84580556,-54.91480556
4049,-2.536157,-54.925828
4050,-2.535052,-54.912792
4051,-2.547801,-54.949814
4052,-2.548066,-54.898723
4053,-2.84902,-55.01705
4054,-2.8593,-55.01687
4055,-2.85495,-55.03444
4056,-3.3996,-54.9409
4057,-3.4076,-54.941
4058,-3.3798,-54.9517
4059,-3.4077,-54.9517
4060,-3.3719,-54.9515
4061,-3.474691,-54.937985
4062,-3.474865,-54.946814
4063,-3.481726,-54.920354
4064,-3.482345,-54.929322
4065,-3.482917,-54.937166
4066,-3.483839,-54.94622
4067,-2.83658333,-54.93316667
4068,-2.83630556,-54.94186111
4069,-2.84722222,-54.93211111
4070,-2.84686111,-54.94183333
4071,-2.8439,-54.9506
4072,-2.84580556,-54.91480556
4073,-2.536157,-54.925828
4074,-2.535052,-54.912792
4075,-2.547801,-54.949814
4076,-2.548066,-54.898723
4077,-3.389,-54.9417
4078,-3.4076,-54.941
4079,-3.3719,-54.9515
4080,-3.3897,-54.951
4081,-2.483828,-54.944356
4082,-2.469255,-54.936807
4083,-2.485842,-54.91659
4084,-2.481243,-54.933198
4085,-2.478045,-54.950103
4086,-2.486811,-54.966134
4087,-2.478045,-54.950103
4088,-2.84849,-55.02469
4089,-2.84866,-55.0338
4090,-2.468867,-54.892866
4091,-2.486811,-54.966134
4092,-2.478045,-54.950103
4093,-3.3798,-54.9517
4094,-2.536157,-54.925828
4095,-2.84849,-55.02469
4096,-2.84902,-55.01705
4097,-2.84982,-55.00761
4098,-2.85116,-54.99823
4099,-2.84866,-55.0338
4100,-2.85943,-55.02558
4101,-2.8593,-55.01687
4102,-2.86011,-55.00844
4103,-2.86,-54.99838
4104,-2.85495,-55.03444
4105,-2.483828,-54.944356
4106,-2.457407,-54.932036
4107,-2.46265,-54.928199
4108,-2.469255,-54.936807
4109,-2.464236,-54.947689
4110,-2.481691,-54.922548
4111,-2.485842,-54.91659
4112,-2.493558,-54.928483
4113,-2.481243,-54.933198
4114,-2.496269,-54.938164
4115,-2.495864,-54.91328
4116,-2.499416,-54.903291
4117,-2.474589,-54.963979
4118,-2.468867,-54.892866
4119,-2.458077,-54.89802
4120,-2.456904,-54.891425
4121,-2.486811,-54.966134
4122,-2.470796,-54.951289
4123,-2.478045,-54.950103
4124,-3.389,-54.9417
4125,-3.3996,-54.9409
4126,-3.3798,-54.9517
4127,-3.3897,-54.951
4128,-3.4077,-54.9517
4129,-3.3719,-54.9515
4130,-3.47469444,-54.92908333
4131,-3.474865,-54.946814
4132,-3.4718,-54.9199
4133,-3.483839,-54.94622
4134,-3.48122,-54.911498
4135,-2.83658333,-54.93316667
4136,-2.83630556,-54.94186111
4137,-2.8439,-54.9506
4138,-2.540585,-54.956952
4139,-2.536157,-54.925828
4140,-2.535052,-54.912792
4141,-2.547801,-54.949814
4142,-2.548066,-54.898723
4143,-3.389,-54.9417
4144,-3.3897,-54.951
4145,-3.3719,-54.9515
4146,-3.47469444,-54.92908333
4147,-2.83630556,-54.94186111
4148,-2.84722222,-54.93211111
4149,-2.84580556,-54.91480556
4150,-3.3806,-54.942
4151,-3.389,-54.9417
4152,-3.3996,-54.9409
4153,-3.4076,-54.941
4154,-3.3798,-54.9517
4155,-3.3897,-54.951
4156,-3.4077,-54.9517
4157,-3.3719,-54.9515
4158,-3.47469444,-54.92908333
4159,-3.474691,-54.937985
4160,-3.474865,-54.946814
4161,-3.4718,-54.9199
4162,-3.481726,-54.920354
4163,-3.482345,-54.929322
4164,-3.482917,-54.937166
4165,-3.483839,-54.94622
4166,-3.48122,-54.911498
4167,-2.84686111,-54.94183333
4168,-2.84580556,-54.91480556
4169,-2.84849,-55.02469
4170,-2.84902,-55.01705
4171,-2.85116,-54.99823
4172,-2.8593,-55.01687
4173,-2.481243,-54.933198
4174,-2.496269,-54.938164
4175,-2.499416,-54.903291
4176,-2.468867,-54.892866
4177,-2.478045,-54.950103
4178,-3.3996,-54.9409
4179,-2.83658333,-54.93316667
4180,-2.83630556,-54.94186111
4181,-2.84722222,-54.93211111
4182,-2.84686111,-54.94183333
4183,-2.8439,-54.9506
4184,-2.84580556,-54.91480556
4185,-2.536157,-54.925828
4186,-2.535052,-54.912792
4187,-2.548066,-54.898723
4188,-3.3719,-54.9515
4189,-2.83658333,-54.93316667
4190,-2.548066,-54.898723
4191,-2.86011,-55.00844
4192,-2.457407,-54.932036
4193,-3.483839,-54.94622
4194,-2.84722222,-54.93211111
4195,-3.474865,-54.946814
4196,-3.482345,-54.929322
4197,-3.483839,-54.94622
4198,-2.84722222,-54.93211111
4199,-2.84849,-55.02469
4200,-2.84902,-55.01705
4201,-2.84982,-55.00761
4202,-2.85116,-54.99823
4203,-2.85943,-55.02558
4204,-2.485842,-54.91659
4205,-3.3806,-54.942
4206,-3.389,-54.9417
4207,-3.3996,-54.9409
4208,-3.4076,-54.941
4209,-3.3798,-54.9517
4210,-3.3897,-54.951
4211,-3.4077,-54.9517
4212,-3.3719,-54.9515
4213,-3.47469444,-54.92908333
4214,-3.474691,-54.937985
4215,-3.474865,-54.946814
4216,-3.4718,-54.9199
4217,-3.481726,-54.920354
4218,-3.482345,-54.929322
4219,-3.482917,-54.937166
4220,-3.483839,-54.94622
4221,-3.48122,-54.911498
4222,-2.83658333,-54.93316667
4223,-2.83630556,-54.94186111
4224,-2.84722222,-54.93211111
4225,-2.84686111,-54.94183333
4226,-2.8439,-54.9506
4227,-2.84580556,-54.91480556
4228,-2.540585,-54.956952
4229,-2.536157,-54.925828
4230,-2.535052,-54.912792
4231,-2.547801,-54.949814
4232,-2.548066,-54.898723
4233,-3.3806,-54.942
4234,-3.389,-54.9417
4235,-3.3996,-54.9409
4236,-3.3897,-54.951
4237,-3.3719,-54.9515
4238,-3.47469444,-54.92908333
4239,-3.474691,-54.937985
4240,-3.474865,-54.946814
4241,-3.483839,-54.94622
4242,-2.84866,-55.0338
4243,-2.8593,-55.01687
4244,-2.85495,-55.03444
4245,-2.485842,-54.91659
4246,-2.474589,-54.963979
4247,-3.4718,-54.9199
4248,-3.48122,-54.911498
4249,-2.536157,-54.925828
4250,-2.535052,-54.912792
4251,-2.84849,-55.02469
4252,-2.84902,-55.01705
4253,-3.3806,-54.942
4254,-3.389,-54.9417
4255,-3.3996,-54.9409
4256,-3.4076,-54.941
4257,-3.3798,-54.9517
4258,-3.3897,-54.951
4259,-3.4077,-54.9517
4260,-3.3719,-54.9515
4261,-3.474691,-54.937985
4262,-3.474865,-54.946814
4263,-3.4718,-54.9199
4264,-3.482345,-54.929322
4265,-3.482917,-54.937166
4266,-3.483839,-54.94622
4267,-3.48122,-54.911498
4268,-2.83658333,-54.93316667
4269,-2.84686111,-54.94183333
4270,-2.84580556,-54.91480556
4271,-2.483828,-54.944356
4272,-2.496269,-54.938164
4273,-2.474589,-54.963979
4274,-2.486811,-54.966134
4275,-2.478045,-54.950103
4276,-2.84849,-55.02469
4277,-2.84982,-55.00761
4278,-2.85116,-54.99823
4279,-2.8593,-55.01687
4280,-2.86011,-55.00844
4281,-2.86,-54.99838
4282,-2.483828,-54.944356
4283,-2.46265,-54.928199
4284,-2.481691,-54.922548
4285,-2.485842,-54.91659
4286,-2.493558,-54.928483
4287,-2.496269,-54.938164
4288,-2.495864,-54.91328
4289,-2.499416,-54.903291
4290,-2.468867,-54.892866
4291,-2.486811,-54.966134
4292,-2.470796,-54.951289
4293,-2.478045,-54.950103
4294,-3.474865,-54.946814
4295,-2.540585,-54.956952
4296,-3.389,-54.9417
4297,-3.4718,-54.9199
4298,-2.83658333,-54.93316667
4299,-2.83630556,-54.94186111
4300,-2.84580556,-54.91480556
4301,-3.47469444,-54.92908333
4302,-3.474691,-54.937985
4303,-3.474865,-54.946814
4304,-3.48122,-54.911498
4305,-2.84849,-55.02469
4306,-2.84902,-55.01705
4307,-2.84982,-55.00761
4308,-2.85116,-54.99823
4309,-2.84866,-55.0338
4310,-2.8593,-55.01687
4311,-2.86011,-55.00844
4312,-2.86,-54.99838
4313,-2.85495,-55.03444
4314,-2.483828,-54.944356
4315,-2.478045,-54.950103
4316,-3.389,-54.9417
4317,-3.3996,-54.9409
4318,-3.4076,-54.941
4319,-3.3798,-54.9517
4320,-3.3897,-54.951
4321,-3.4077,-54.9517
4322,-3.3719,-54.9515
4323,-3.47469444,-54.92908333
4324,-3.474691,-54.937985
4325,-3.474865,-54.946814
4326,-3.4718,-54.9199
4327,-3.481726,-54.920354
4328,-3.482345,-54.929322
4329,-3.482917,-54.937166
4330,-3.483839,-54.94622
4331,-2.83658333,-54.93316667
4332,-2.83630556,-54.94186111
4333,-2.8439,-54.9506
4334,-2.84580556,-54.91480556
4335,-2.536157,-54.925828
4336,-2.535052,-54.912792
4337,-2.548066,-54.898723
4338,10.433412,-84.003345
4339,10.433412,-84.003345
4340,10.433412,-84.003345
4341,10.433412,-84.003345
4342,10.433412,-84.003345
4343,10.433412,-84.003345
4344,10.433412,-84.003345
4345,10.433412,-84.003345
4346,10.433412,-84.003345
4347,10.433412,-84.003345
4348,10.433412,-84.003345
4349,10.433412,-84.003345
4350,10.433412,-84.003345
4351,10.433412,-84.003345
4352,10.433412,-84.003345
4353,10.433412,-84.003345
4354,10.433412,-84.003345
4355,10.433412,-84.003345
4356,10.433412,-84.003345
4357,10.433412,-84.003345
4358,29.54326,118.88074
4359,29.54326,118.88074
4360,29.54326,118.88074
4361,29.54326,118.88074
4362,29.54326,118.88074
4363,29.54326,118.88074
4364,29.54326,118.88074
4365,29.54326,118.88074
4366,29.54326,118.88074
4367,29.54326,118.88074
4368,29.54326,118.88074
4369,29.54326,118.88074
4370,29.54326,118.88074
4371,29.54326,118.88074
4372,29.54326,118.88074
4373,29.54326,118.88074
4374,29.54326,118.88074
4375,29.54326,118.88074
4376,29.54326,118.88074
4377,29.54326,118.88074
4378,29.54326,118.88074
4379,29.54326,118.88074
4380,29.54326,118.88074
4381,29.54326,118.88074
4382,29.54326,118.88074
4383,29.54326,118.88074
4384,29.54326,118.88074
4385,29.54326,118.88074
4386,29.54326,118.88074
4387,29.54326,118.88074
4388,29.54326,118.88074
4389,29.54326,118.88074
4390,29.54326,118.88074
4391,29.54326,118.88074
4392,29.54326,118.88074
4393,29.54326,118.88074
4394,29.54326,118.88074
4395,29.54326,118.88074
4396,29.54326,118.88074
4397,29.54326,118.88074
4398,29.54326,118.88074
4399,29.54326,118.88074
4400,29.54326,118.88074
4401,29.54326,118.88074
4402,29.54326,118.88074
4403,29.54326,118.88074
4404,29.54326,118.88074
4405,29.54326,118.88074
4406,29.54326,118.88074
4407,29.54326,118.88074
4408,29.54326,118.88074
4409,29.54326,118.88074
4410,29.54326,118.88074
4411,29.54326,118.88074
4412,29.54326,118.88074
4413,29.54326,118.88074
4414,29.54326,118.88074
4415,29.54326,118.88074
4416,29.54326,118.88074
4417,29.54326,118.88074
4418,29.50113,118.81396
4419,29.50113,118.81396
4420,29.50113,118.81396
4421,29.50113,118.81396
4422,29.50113,118.81396
4423,29.50113,118.81396
4424,29.50113,118.81396
4425,29.50113,118.81396
4426,29.50113,118.81396
4427,29.50113,118.81396
4428,29.50113,118.81396
4429,29.50113,118.81396
4430,29.50113,118.81396
4431,29.50113,118.81396
4432,29.50113,118.81396
4433,29.50113,118.81396
4434,29.50113,118.81396
4435,29.50113,118.81396
4436,29.50113,118.81396
4437,29.50113,118.81396
4438,29.50113,118.81396
4439,29.50113,118.81396
4440,29.50113,118.81396
4441,29.50113,118.81396
4442,29.50113,118.81396
4443,29.50113,118.81396
4444,29.50113,118.81396
4445,29.50113,118.81396
4446,29.50113,118.81396
4447,29.50113,118.81396
4448,29.50113,118.81396
4449,29.50113,118.81396
4450,29.50113,118.81396
4451,29.50113,118.81396
4452,29.50113,118.81396
4453,29.50113,118.81396
4454,29.50113,118.81396
4455,29.50113,118.81396
4456,29.50113,118.81396
4457,29.50113,118.81396
4458,29.50113,118.81396
4459,29.50113,118.81396
4460,29.50113,118.81396
4461,29.50113,118.81396
4462,29.50113,118.81396
4463,29.50113,118.81396
4464,29.50113,118.81396
4465,29.50113,118.81396
4466,29.50113,118.81396
4467,29.52771,118.94372
4468,29.52771,118.94372
4469,29.52771,118.94372
4470,29.52771,118.94372
4471,29.52771,118.94372
4472,29.52771,118.94372
4473,29.52771,118.94372
4474,29.52771,118.94372
4475,29.52771,118.94372
4476,29.52771,118.94372
4477,29.52771,118.94372
4478,29.52771,118.94372
4479,29.52771,118.94372
4480,29.52771,118.94372
4481,29.52771,118.94372
4482,29.52771,118.94372
4483,29.52771,118.94372
4484,29.52771,118.94372
4485,29.52771,118.94372
4486,29.52771,118.94372
4487,29.52771,118.94372
4488,29.52771,118.94372
4489,29.52771,118.94372
4490,29.52771,118.94372
4491,29.52771,118.94372
4492,29.52771,118.94372
4493,29.52771,118.94372
4494,29.52771,118.94372
4495,29.52771,118.94372
4496,29.52771,118.94372
4497,29.52771,118.94372
4498,29.52771,118.94372
4499,29.52771,118.94372
4500,29.52771,118.94372
4501,29.52771,118.94372
4502,29.52771,118.94372
4503,29.52771,118.94372
4504,29.52771,118.94372
4505,29.52771,118.94372
4506,29.52771,118.94372
4507,29.52771,118.94372
4508,29.52771,118.94372
4509,29.52771,118.94372
4510,29.52771,118.94372
4511,29.52771,118.94372
4512,29.52771,118.94372
4513,29.52771,118.94372
4514,29.52771,118.94372
4515,29.52771,118.94372
4516,29.52771,118.94372
4517,29.52771,118.94372
4518,29.52771,118.94372
4519,29.52771,118.94372
4520,29.52771,118.94372
4521,29.52771,118.94372
4522,29.52771,118.94372
4523,29.52771,118.94372
4524,29.52771,118.94372
4525,29.52771,118.94372
4526,29.52771,118.94372
4527,29.52771,118.94372
4528,29.52771,118.94372
4529,29.53764,118.94142
4530,29.53764,118.94142
4531,29.53764,118.94142
4532,29.53764,118.94142
4533,29.53764,118.94142
4534,29.53764,118.94142
4535,29.53764,118.94142
4536,29.53764,118.94142
4537,29.53764,118.94142
4538,29.53764,118.94142
4539,29.53764,118.94142
4540,29.53764,118.94142
4541,29.53764,118.94142
4542,29.53764,118.94142
4543,29.53764,118.94142
4544,29.53764,118.94142
4545,29.53764,118.94142
4546,29.53764,118.94142
4547,29.53764,118.94142
4548,29.53764,118.94142
4549,29.53764,118.94142
4550,29.53764,118.94142
4551,29.53764,118.94142
4552,29.53764,118.94142
4553,29.53764,118.94142
4554,29.53764,118.94142
4555,29.53764,118.94142
4556,29.53764,118.94142
4557,29.53764,118.94142
4558,29.53764,118.94142
4559,29.53764,118.94142
4560,29.53764,118.94142
4561,29.53764,118.94142
4562,29.53764,118.94142
4563,29.53764,118.94142
4564,29.53764,118.94142
4565,29.53764,118.94142
4566,29.53764,118.94142
4567,29.53764,118.94142
4568,29.53764,118.94142
4569,29.53764,118.94142
4570,29.53764,118.94142
4571,29.53764,118.94142
4572,29.53764,118.94142
4573,29.53764,118.94142
4574,29.53764,118.94142
4575,29.53764,118.94142
4576,29.53764,118.94142
4577,29.53764,118.94142
4578,29.49542,118.92902
4579,29.49542,118.92902
4580,29.49542,118.92902
4581,29.49542,118.92902
4582,29.49542,118.92902
4583,29.49542,118.92902
4584,29.49542,118.92902
4585,29.49542,118.92902
4586,29.49542,118.92902
4587,29.49542,118.92902
4588,29.49542,118.92902
4589,29.49542,118.92902
4590,29.49542,118.92902
4591,29.49542,118.92902
4592,29.49542,118.92902
4593,29.49542,118.92902
4594,29.49542,118.92902
4595,29.49542,118.92902
4596,29.49542,118.92902
4597,29.49542,118.92902
4598,29.49542,118.92902
4599,29.49542,118.92902
4600,29.49542,118.92902
4601,29.49542,118.92902
4602,29.49542,118.92902
4603,29.49542,118.92902
4604,29.49542,118.92902
4605,29.49542,118.92902
4606,29.49542,118.92902
4607,29.49542,118.92902
4608,29.49542,118.92902
4609,29.49542,118.92902
4610,29.49542,118.92902
4611,29.49542,118.92902
4612,29.49542,118.92902
4613,29.49542,118.92902
4614,29.49542,118.92902
4615,29.49542,118.92902
4616,29.49542,118.92902
4617,29.49542,118.92902
4618,29.49542,118.92902
4619,29.49542,118.92902
4620,29.49542,118.92902
4621,29.49542,118.92902
4622,29.49542,118.92902
4623,29.49542,118.92902
4624,29.49542,118.92902
4625,29.49542,118.92902
4626,29.49542,118.92902
4627,29.49542,118.92902
4628,29.50009,118.88494
4629,29.50009,118.88494
4630,29.50009,118.88494
4631,29.50009,118.88494
4632,29.50009,118.88494
4633,29.50009,118.88494
4634,29.50009,118.88494
4635,29.50009,118.88494
4636,29.50009,118.88494
4637,29.50009,118.88494
4638,29.50009,118.88494
4639,29.50009,118.88494
4640,29.50009,118.88494
4641,29.50009,118.88494
4642,29.50009,118.88494
4643,29.50009,118.88494
4644,29.50009,118.88494
4645,29.50009,118.88494
4646,29.50009,118.88494
4647,29.50009,118.88494
4648,29.50009,118.88494
4649,29.50009,118.88494
4650,29.50009,118.88494
4651,29.50009,118.88494
4652,29.50009,118.88494
4653,29.50009,118.88494
4654,29.50009,118.88494
4655,29.50009,118.88494
4656,29.50009,118.88494
4657,29.50009,118.88494
4658,29.50009,118.88494
4659,29.50009,118.88494
4660,29.50009,118.88494
4661,29.50009,118.88494
4662,29.50009,118.88494
4663,29.50009,118.88494
4664,29.50009,118.88494
4665,29.50009,118.88494
4666,29.50009,118.88494
4667,29.50009,118.88494
4668,29.50009,118.88494
4669,29.50009,118.88494
4670,29.50009,118.88494
4671,29.55278,118.90924
4672,29.55278,118.90924
4673,29.55278,118.90924
4674,29.55278,118.90924
4675,29.55278,118.90924
4676,29.55278,118.90924
4677,29.55278,118.90924
4678,29.55278,118.90924
4679,29.55278,118.90924
4680,29.55278,118.90924
4681,29.55278,118.90924
4682,29.55278,118.90924
4683,29.55278,118.90924
4684,29.55278,118.90924
4685,29.55278,118.90924
4686,29.55278,118.90924
4687,29.55278,118.90924
4688,29.55278,118.90924
4689,29.55278,118.90924
4690,29.55278,118.90924
4691,29.55278,118.90924
4692,29.55278,118.90924
4693,29.55278,118.90924
4694,29.55278,118.90924
4695,29.55278,118.90924
4696,29.55278,118.90924
4697,29.55278,118.90924
4698,29.55278,118.90924
4699,29.55278,118.90924
4700,29.55278,118.90924
4701,29.55278,118.90924
4702,29.55278,118.90924
4703,29.55278,118.90924
4704,29.55278,118.90924
4705,29.55278,118.90924
4706,29.55278,118.90924
4707,29.55278,118.90924
4708,29.50431,118.89177
4709,29.50431,118.89177
4710,29.50431,118.89177
4711,29.50431,118.89177
4712,29.50431,118.89177
4713,29.50431,118.89177
4714,29.50431,118.89177
4715,29.50431,118.89177
4716,29.50431,118.89177
4717,29.50431,118.89177
4718,29.50431,118.89177
4719,29.50431,118.89177
4720,29.50431,118.89177
4721,29.50431,118.89177
4722,29.50431,118.89177
4723,29.50431,118.89177
4724,29.50431,118.89177
4725,29.50431,118.89177
4726,29.50431,118.89177
4727,29.50431,118.89177
4728,29.50431,118.89177
4729,29.50431,118.89177
4730,29.50431,118.89177
4731,29.50431,118.89177
4732,29.50431,118.89177
4733,29.50431,118.89177
4734,29.50431,118.89177
4735,29.50431,118.89177
4736,29.50431,118.89177
4737,29.50431,118.89177
4738,29.50431,118.89177
4739,29.50431,118.89177
4740,29.50431,118.89177
4741,29.50431,118.89177
4742,29.50431,118.89177
4743,29.50431,118.89177
4744,29.48264,118.91679
4745,29.48264,118.91679
4746,29.48264,118.91679
4747,29.48264,118.91679
4748,29.48264,118.91679
4749,29.48264,118.91679
4750,29.48264,118.91679
4751,29.48264,118.91679
4752,29.48264,118.91679
4753,29.48264,118.91679
4754,29.48264,118.91679
4755,29.48264,118.91679
4756,29.48264,118.91679
4757,29.48264,118.91679
4758,29.48264,118.91679
4759,29.48264,118.91679
4760,29.48264,118.91679
4761,29.48264,118.91679
4762,29.48264,118.91679
4763,29.48264,118.91679
4764,29.48264,118.91679
4765,29.48264,118.91679
4766,29.48264,118.91679
4767,29.48264,118.91679
4768,29.48264,118.91679
4769,29.48264,118.91679
4770,29.48264,118.91679
4771,29.48264,118.91679
4772,29.48264,118.91679
4773,29.48264,118.91679
4774,29.48264,118.91679
4775,29.48264,118.91679
4776,29.48264,118.91679
4777,29.48264,118.91679
4778,29.48264,118.91679
4779,29.48264,118.91679
4780,29.48264,118.91679
4781,29.48264,118.91679
4782,29.48264,118.91679
4783,29.48264,118.91679
4784,29.48264,118.91679
4785,29.48264,118.91679
4786,29.48264,118.91679
4787,29.48264,118.91679
4788,29.48264,118.91679
4789,29.48264,118.91679
4790,29.48264,118.91679
4791,29.50677,118.89627
4792,29.50677,118.89627
4793,29.50677,118.89627
4794,29.50677,118.89627
4795,29.50677,118.89627
4796,29.50677,118.89627
4797,29.50677,118.89627
4798,29.50677,118.89627
4799,29.50677,118.89627
4800,29.50677,118.89627
4801,29.50677,118.89627
4802,29.50677,118.89627
4803,29.50677,118.89627
4804,29.50677,118.89627
4805,29.50677,118.89627
4806,29.50677,118.89627
4807,29.50677,118.89627
4808,29.50677,118.89627
4809,29.50677,118.89627
4810,29.50677,118.89627
4811,29.50677,118.89627
4812,29.50677,118.89627
4813,29.50677,118.89627
4814,29.50677,118.89627
4815,29.54934,118.91018
4816,29.54934,118.91018
4817,29.54934,118.91018
4818,29.54934,118.91018
4819,29.54934,118.91018
4820,29.54934,118.91018
4821,29.54934,118.91018
4822,29.54934,118.91018
4823,29.54934,118.91018
4824,29.54934,118.91018
4825,29.54934,118.91018
4826,29.54934,118.91018
4827,29.54934,118.91018
4828,29.54934,118.91018
4829,29.54934,118.91018
4830,29.54934,118.91018
4831,29.54934,118.91018
4832,29.54934,118.91018
4833,29.54934,118.91018
4834,29.54934,118.91018
4835,29.54934,118.91018
4836,29.5151,118.53862
4837,29.5151,118.53862
4838,29.5151,118.53862
4839,29.5151,118.53862
4840,29.5151,118.53862
4841,29.5151,118.53862
4842,29.5151,118.53862
4843,29.5151,118.53862
4844,29.5151,118.53862
4845,29.5151,118.53862
4846,29.5151,118.53862
4847,29.56719,118.841
4848,29.56719,118.841
4849,29.56719,118.841
4850,29.56719,118.841
4851,29.56719,118.841
4852,29.56719,118.841
4853,29.56719,118.841
4854,29.56719,118.841
4855,29.56719,118.841
4856,29.56719,118.841
4857,29.56719,118.841
4858,29.56719,118.841
4859,29.56719,118.841
4860,29.56719,118.841
4861,29.56719,118.841
4862,29.56719,118.841
4863,29.56719,118.841
4864,29.56719,118.841
4865,29.56719,118.841
4866,29.56719,118.841
4867,29.56719,118.841
4868,29.56719,118.841
4869,29.56719,118.841
4870,29.56719,118.841
4871,29.56719,118.841
4872,29.56719,118.841
4873,29.56719,118.841
4874,29.56719,118.841
4875,29.56719,118.841
4876,29.56719,118.841
4877,29.56719,118.841
4878,29.56719,118.841
4879,29.56719,118.841
4880,29.56719,118.841
4881,29.56719,118.841
4882,29.56719,118.841
4883,29.56719,118.841
4884,29.56719,118.841
4885,29.56719,118.841
4886,29.56719,118.841
4887,29.56719,118.841
4888,29.56719,118.841
4889,29.56719,118.841
4890,29.47005,118.51871
4891,29.47005,118.51871
4892,29.47005,118.51871
4893,29.47005,118.51871
4894,29.47005,118.51871
4895,29.47005,118.51871
4896,29.47005,118.51871
4897,29.47005,118.51871
4898,29.47005,118.51871
4899,29.47005,118.51871
4900,29.47005,118.51871
4901,29.47005,118.51871
4902,29.47005,118.51871
4903,29.47005,118.51871
4904,29.47005,118.51871
4905,29.47005,118.51871
4906,29.47005,118.51871
4907,29.47005,118.51871
4908,29.47005,118.51871
4909,29.47005,118.51871
4910,29.47005,118.51871
4911,29.47005,118.51871
4912,29.47005,118.51871
4913,29.47005,118.51871
4914,29.47005,118.51871
4915,29.47005,118.51871
4916,29.47005,118.51871
4917,29.47005,118.51871
4918,29.47005,118.51871
4919,29.47005,118.51871
4920,29.47005,118.51871
4921,29.47005,118.51871
4922,29.47005,118.51871
4923,29.47005,118.51871
4924,29.47005,118.51871
4925,29.47005,118.51871
4926,29.47005,118.51871
4927,29.47005,118.51871
4928,29.47005,118.51871
4929,29.47005,118.51871
4930,29.47005,118.51871
4931,29.47005,118.51871
4932,29.47005,118.51871
4933,29.47005,118.51871
4934,29.47005,118.51871
4935,29.47005,118.51871
4936,29.47005,118.51871
4937,29.47005,118.51871
4938,29.47005,118.51871
4939,29.47005,118.51871
4940,29.47005,118.51871
4941,29.47005,118.51871
4942,29.47005,118.51871
4943,29.47005,118.51871
4944,29.60833333,118.9083333
4945,29.60833333,118.9083333
4946,29.60833333,118.9083333
4947,29.60833333,118.9083333
4948,29.60833333,118.9083333
4949,29.60833333,118.9083333
4950,29.60833333,118.9083333
4951,29.60833333,118.9083333
4952,29.60833333,118.9083333
4953,29.60833333,118.9083333
4954,29.60833333,118.9083333
4955,29.60833333,118.9083333
4956,29.60833333,118.9083333
4957,29.60833333,118.9083333
4958,29.60833333,118.9083333
4959,29.60833333,118.9083333
4960,29.60833333,118.9083333
4961,29.60833333,118.9083333
4962,29.60833333,118.9083333
4963,29.60833333,118.9083333
4964,29.60833333,118.9083333
4965,29.60833333,118.9083333
4966,29.60833333,118.9083333
4967,29.60833333,118.9083333
4968,29.60833333,118.9083333
4969,29.60833333,118.9083333
4970,29.60833333,118.9083333
4971,29.60833333,118.9083333
4972,29.60833333,118.9083333
4973,29.60833333,118.9083333
4974,29.60833333,118.9083333
4975,29.60833333,118.9083333
4976,29.60833333,118.9083333
4977,29.60833333,118.9083333
4978,29.60833333,118.9083333
4979,29.60833333,118.9083333
4980,29.60833333,118.9083333
4981,29.60833333,118.9083333
4982,29.60833333,118.9083333
4983,29.60833333,118.9083333
4984,29.60833333,118.9083333
4985,29.60833333,118.9083333
4986,29.60833333,118.9083333
4987,29.60833333,118.9083333
4988,29.60833333,118.9083333
4989,29.60833333,118.9083333
4990,29.60833333,118.9083333
4991,29.60833333,118.9083333
4992,29.60833333,118.9083333
4993,29.60833333,118.9083333
4994,29.60833333,118.9083333
4995,29.60833333,118.9083333
4996,29.60833333,118.9083333
4997,29.60833333,118.9083333
4998,29.60833333,118.9083333
4999,29.60833333,118.9083333
5000,29.60833333,118.9083333
5001,29.60833333,118.9083333
5002,29.60833333,118.9083333
5003,52.73016667,18.1315
5004,52.73016667,18.1315
5005,52.73016667,18.1315
5006,52.73016667,18.1315
5007,52.73016667,18.1315
5008,52.73016667,18.1315
5009,52.73016667,18.1315
5010,52.73016667,18.1315
5011,52.73016667,18.1315
5012,52.73016667,18.1315
5013,52.73016667,18.1315
5014,52.73016667,18.1315
5015,52.73016667,18.1315
5016,52.73016667,18.1315
5017,52.73016667,18.1315
5018,52.73016667,18.1315
5019,52.73016667,18.1315
5020,52.73016667,18.1315
5021,52.73016667,18.1315
5022,52.73016667,18.1315
5023,52.73016667,18.1315
5024,52.73016667,18.1315
5025,52.73016667,18.1315
5026,52.73016667,18.1315
5027,52.73016667,18.1315
5028,52.73016667,18.1315
5029,52.73016667,18.1315
5030,52.73016667,18.1315
5031,52.73016667,18.1315
5032,52.73016667,18.1315
5033,52.73016667,18.1315
5034,52.73016667,18.1315
5035,52.73016667,18.1315
5036,52.73016667,18.1315
5037,52.73016667,18.1315
5038,52.73016667,18.1315
5039,52.73016667,18.1315
5040,52.73016667,18.1315
5041,52.73016667,18.1315
5042,52.73016667,18.1315
5043,52.73016667,18.1315
5044,52.73016667,18.1315
5045,52.73016667,18.1315
5046,52.73016667,18.1315
5047,52.73016667,18.1315
5048,52.73016667,18.1315
5049,52.73016667,18.1315
5050,52.73016667,18.1315
5051,52.73016667,18.1315
5052,52.73016667,18.1315
5053,52.73016667,18.1315
5054,52.73016667,18.1315
5055,52.73016667,18.1315
5056,52.73016667,18.1315
5057,52.73016667,18.1315
5058,52.73016667,18.1315
5059,52.73016667,18.1315
5060,52.73016667,18.1315
5061,52.73016667,18.1315
5062,52.73016667,18.1315
5063,52.73016667,18.1315
5064,52.73016667,18.1315
5065,52.73016667,18.1315
5066,52.73016667,18.1315
5067,52.73016667,18.1315
5068,52.73016667,18.1315
5069,52.73016667,18.1315
5070,52.73016667,18.1315
5071,52.73016667,18.1315
5072,52.73016667,18.1315
5073,52.73016667,18.1315
5074,52.73016667,18.1315
5075,52.73016667,18.1315
5076,52.73016667,18.1315
5077,52.73016667,18.1315
5078,52.73016667,18.1315
5079,52.73016667,18.1315
5080,52.73016667,18.1315
5081,52.73016667,18.1315
5082,52.73016667,18.1315
5083,52.73016667,18.1315
5084,52.73016667,18.1315
5085,52.73016667,18.1315
5086,52.73016667,18.1315
5087,52.73016667,18.1315
5088,52.73016667,18.1315
5089,52.73016667,18.1315
5090,52.73016667,18.1315
5091,52.73016667,18.1315
5092,52.73016667,18.1315
5093,52.73016667,18.1315
5094,52.73016667,18.1315
5095,52.73016667,18.1315
5096,52.73016667,18.1315
5097,52.73016667,18.1315
5098,52.73016667,18.1315
5099,52.73016667,18.1315
5100,52.73016667,18.1315
5101,52.73016667,18.1315
5102,52.73016667,18.1315
5103,52.73016667,18.1315
5104,52.73016667,18.1315
5105,52.73016667,18.1315
5106,52.73016667,18.1315
5107,52.73016667,18.1315
5108,52.73016667,18.1315
5109,52.73016667,18.1315
5110,52.73016667,18.1315
5111,52.73016667,18.1315
5112,52.73016667,18.1315
5113,52.73016667,18.1315
5114,52.73016667,18.1315
5115,52.73016667,18.1315
5116,52.73016667,18.1315
5117,52.73016667,18.1315
5118,52.73016667,18.1315
5119,52.73016667,18.1315
5120,52.73016667,18.1315
5121,52.73016667,18.1315
5122,52.73016667,18.1315
5123,52.73016667,18.1315
5124,52.73016667,18.1315
5125,52.73016667,18.1315
5126,52.73016667,18.1315
5127,52.73016667,18.1315
5128,52.73016667,18.1315
5129,52.73016667,18.1315
5130,52.73016667,18.1315
5131,52.73016667,18.1315
5132,52.73016667,18.1315
5133,52.73016667,18.1315
5134,52.73016667,18.1315
5135,52.73016667,18.1315
5136,52.73016667,18.1315
5137,52.73016667,18.1315
5138,52.73016667,18.1315
5139,52.73016667,18.1315
5140,52.73016667,18.1315
5141,52.73016667,18.1315
5142,52.73016667,18.1315
5143,52.73016667,18.1315
5144,52.73016667,18.1315
5145,52.73016667,18.1315
5146,52.73016667,18.1315
5147,52.73016667,18.1315
5148,52.73016667,18.1315
5149,52.73016667,18.1315
5150,52.73016667,18.1315
5151,52.73016667,18.1315
5152,52.73016667,18.1315
5153,52.73016667,18.1315
5154,52.73016667,18.1315
5155,6.083333333,116.6666667
5156,6.083333333,116.6666667
5157,5.166666667,118.5
5158,5.75,116.0833333
5159,41.243,41.296
5160,41.391,41.418
5161,41.383,41.449
5162,41.026,40.423
5163,41.026,40.528
5164,41.028,40.581
5165,41.048,39.236
5166,41.066,39.339
5167,41.044,39.547
5168,40.938,38.222
5169,40.902,38.443
5170,40.983,38.77
5171,40.975,37.937
5172,40.98,37.979
5173,40.976,37.998
5174,6.43574,3.28637
5175,6.45207,3.15093
5176,6.50205,3.38817
5177,6.41246,2.99609
5178,6.62292,3.404
5179,18.14888889,-94.41138889
5180,18.14888889,-94.41138889
5181,18.14888889,-94.41138889
5182,48.2131,16.422865
5183,41.0027,28.9737
5184,37.0102,35.33
5185,47.0561,12.6686
5186,47.0561,12.6686
5187,47.0561,12.6686
5188,47.0561,12.6686
5189,47.0561,12.6686
5190,47.0561,12.6686
5191,47.0561,12.6686
5192,47.0561,12.6686
5193,47.0561,12.6686
5194,6.333333333,4.9
5195,6.333333333,4.9
5196,6.596111111,3.449074074
5197,6.596111111,3.449074074
5198,6.428333333,2.890277778
5199,6.428333333,2.890277778
5200,40.19251,41.06707
5201,40.22778,41.47871
5202,39.92942,40.70164
5203,41.45572,-93.79114
5204,41.45572,-93.79114
5205,41.45572,-93.79114
5206,41.45572,-93.79114
5207,41.45572,-93.79114
5208,41.45572,-93.79114
5209,41.45572,-93.79114
5210,41.45572,-93.79114
5211,41.45572,-93.79114
5212,41.45572,-93.79114
5213,41.45572,-93.79114
5214,34.2958,-91.3788
5215,34.2958,-91.3788
5216,34.2958,-91.3788
5217,34.2958,-91.3788
5218,34.2958,-91.3788
5219,34.2958,-91.3788
5220,34.2958,-91.3788
5221,34.2958,-91.3788
5222,34.2958,-91.3788
5223,34.2958,-91.3788
5224,34.2958,-91.3788
5225,34.2958,-91.3788
5226,34.2958,-91.3788
5227,34.2958,-91.3788
5228,34.2958,-91.3788
5229,34.2958,-91.3788
5230,34.2958,-91.3788
5231,34.2958,-91.3788
5232,34.2958,-91.3788
5233,34.2958,-91.3788
5234,34.2958,-91.3788
5235,34.2958,-91.3788
5236,34.2958,-91.3788
5237,34.2958,-91.3788
5238,-1.20114972,-48.69835896
5239,-0.03583,-51.15917
5240,-0.03583,-51.15917
5241,-9.202083333,-64.67805556
5242,-9.202083333,-64.67805556
5243,-9.202083333,-64.67805556
5244,-9.202083333,-64.67805556
5245,-9.202083333,-64.67805556
5246,-9.202083333,-64.67805556
5247,-9.202083333,-64.67805556
5248,-9.202083333,-64.67805556
5249,-9.202083333,-64.67805556
5250,-9.202083333,-64.67805556
5251,-9.202083333,-64.67805556
5252,-9.202083333,-64.67805556
5253,-9.202083333,-64.67805556
5254,-9.202083333,-64.67805556
5255,-9.202083333,-64.67805556
5256,-9.202083333,-64.67805556
5257,-9.202083333,-64.67805556
5258,45.44166667,25.53333333
5259,45.25,22.875
5260,46.28333333,24.59166667
5261,45.65833333,24.33333333
5262,45.34583333,24.20416667
5263,45.65833333,24.33333333
5264,45.65833333,24.33333333
5265,30.81666667,106.05
5266,30.81666667,106.05
5267,30.81666667,106.05
5268,30.81666667,106.05
5269,30.81666667,106.05
5270,30.81666667,106.05
5271,30.81666667,106.05
5272,30.81666667,106.05
5273,30.81666667,106.05
5274,30.81666667,106.05
5275,46,12.5
5276,46,12.5
5277,19.77677778,99.25211111
5278,19.77677778,99.25211111
5279,20.08452778,98.97358333
5280,20.08452778,98.97358333
5281,43.383,-88.03
5282,48.58724,-89.29545
5283,48.58724,-89.29545
5284,48.58724,-89.29545
5285,48.58724,-89.29545
5286,48.58724,-89.29545
5287,48.58724,-89.29545
5288,48.58724,-89.29545
5289,48.58724,-89.29545
5290,48.58724,-89.29545
5291,48.58724,-89.29545
5292,48.58724,-89.29545
5293,48.58724,-89.29545
5294,48.58724,-89.29545
5295,48.58724,-89.29545
5296,48.58724,-89.29545
5297,48.58724,-89.29545
5298,48.58724,-89.29545
5299,48.58724,-89.29545
5300,48.58724,-89.29545
5301,48.58724,-89.29545
5302,48.58724,-89.29545
5303,48.58724,-89.29545
5304,48.58724,-89.29545
5305,48.58724,-89.29545
5306,48.58724,-89.29545
5307,48.58724,-89.29545
5308,48.58724,-89.29545
5309,48.58724,-89.29545
5310,48.58724,-89.29545
5311,48.58724,-89.29545
5312,48.58724,-89.29545
5313,48.58724,-89.29545
5314,48.58724,-89.29545
5315,48.58724,-89.29545
5316,48.58724,-89.29545
5317,48.58724,-89.29545
5318,48.58724,-89.29545
5319,48.58724,-89.29545
5320,48.58724,-89.29545
5321,48.58724,-89.29545
5322,48.58724,-89.29545
5323,48.58724,-89.29545
5324,48.58724,-89.29545
5325,48.58724,-89.29545
5326,48.58724,-89.29545
5327,48.58724,-89.29545
5328,48.58724,-89.29545
5329,48.58724,-89.29545
5330,48.58724,-89.29545
5331,48.58724,-89.29545
5332,48.58724,-89.29545
5333,48.58724,-89.29545
5334,48.58724,-89.29545
5335,48.58724,-89.29545
5336,48.58724,-89.29545
5337,48.58724,-89.29545
5338,48.58724,-89.29545
5339,48.58724,-89.29545
5340,48.58724,-89.29545
5341,48.58724,-89.29545
5342,48.58724,-89.29545
5343,48.58724,-89.29545
5344,48.58724,-89.29545
5345,48.58724,-89.29545
5346,48.58724,-89.29545
5347,48.58724,-89.29545
5348,48.58724,-89.29545
5349,48.58724,-89.29545
5350,48.58724,-89.29545
5351,48.58724,-89.29545
5352,48.58724,-89.29545
5353,48.58724,-89.29545
5354,48.58724,-89.29545
5355,48.58724,-89.29545
5356,48.58724,-89.29545
5357,48.58724,-89.29545
5358,48.58724,-89.29545
5359,48.58724,-89.29545
5360,48.58724,-89.29545
5361,48.58724,-89.29545
5362,48.58724,-89.29545
5363,48.58724,-89.29545
5364,48.58724,-89.29545
5365,48.58724,-89.29545
5366,48.58724,-89.29545
5367,48.58724,-89.29545
5368,48.58724,-89.29545
5369,48.58724,-89.29545
5370,-18.20195,49.33701
5371,-18.20195,49.33701
5372,-18.20195,49.33701
5373,-18.20195,49.33701
5374,-18.20195,49.33701
5375,-18.20195,49.33701
5376,-18.20195,49.33701
5377,-18.20195,49.33701
5378,-18.20195,49.33701
5379,-18.20195,49.33701
5380,-18.20195,49.33701
5381,-18.20195,49.33701
5382,-18.20195,49.33701
5383,-18.20195,49.33701
5384,-18.20195,49.33701
5385,-18.20195,49.33701
5386,-18.20195,49.33701
5387,-18.20195,49.33701
5388,-18.20195,49.33701
5389,-18.20195,49.33701
5390,-18.20195,49.33701
5391,-18.20195,49.33701
5392,-18.20195,49.33701
5393,-18.20195,49.33701
5394,-18.20195,49.33701
5395,-18.20195,49.33701
5396,-18.20195,49.33701
5397,-18.20195,49.33701
5398,-18.20195,49.33701
5399,-18.20195,49.33701
5400,-18.20195,49.33701
5401,-18.20195,49.33701
5402,-18.20195,49.33701
5403,-18.20195,49.33701
5404,-18.20195,49.33701
5405,-18.21342,49.30854
5406,-18.21342,49.30854
5407,-18.21342,49.30854
5408,-18.21342,49.30854
5409,-18.21342,49.30854
5410,-18.21342,49.30854
5411,-18.21342,49.30854
5412,-18.21342,49.30854
5413,-18.21342,49.30854
5414,-18.21342,49.30854
5415,-18.21342,49.30854
5416,-18.21342,49.30854
5417,-18.21342,49.30854
5418,-18.21342,49.30854
5419,-18.21342,49.30854
5420,-18.21342,49.30854
5421,-18.21342,49.30854
5422,-18.21342,49.30854
5423,-18.21342,49.30854
5424,-18.21342,49.30854
5425,-18.21342,49.30854
5426,-18.21342,49.30854
5427,-18.21342,49.30854
5428,-18.21342,49.30854
5429,-18.21342,49.30854
5430,-18.21342,49.30854
5431,-18.12476,49.39223
5432,-18.12476,49.39223
5433,-18.12476,49.39223
5434,-18.12476,49.39223
5435,-18.12476,49.39223
5436,-18.12476,49.39223
5437,-18.12476,49.39223
5438,-18.12476,49.39223
5439,-18.12476,49.39223
5440,-18.12476,49.39223
5441,-18.12476,49.39223
5442,-18.12476,49.39223
5443,-18.12476,49.39223
5444,-18.12476,49.39223
5445,-18.12476,49.39223
5446,-18.12476,49.39223
5447,-18.12476,49.39223
5448,-18.12476,49.39223
5449,-18.12476,49.39223
5450,-18.12476,49.39223
5451,-18.14457,49.363977
5452,-18.14457,49.363977
5453,-18.14457,49.363977
5454,-18.14457,49.363977
5455,-18.14457,49.363977
5456,-18.14457,49.363977
5457,-18.14457,49.363977
5458,-18.130952,49.336387
5459,-18.138522,49.348761
5460,-18.114706,49.33105
5461,-18.108935,49.325209
5462,-18.137598,49.342107
5463,-18.134378,49.339709
5464,-18.111521,49.326375
5465,-18.108691,49.325117
5466,-18.145499,49.361634
5467,-18.144665,49.361254
5468,-18.139726,49.342739
5469,-18.138864,49.348569
5470,-18.13717,49.35022
5471,52.40755,16.91371
5472,52.40755,16.91371
5473,52.40755,16.91371
5474,52.40755,16.91371
5475,52.40755,16.91371
5476,52.40755,16.91371
5477,52.40755,16.91371
5478,-22.41666667,-42.58333333
5479,-22.41666667,-42.58333333
5480,-22.98333333,-44.08333333
5481,-22.98333333,-44.08333333
5482,-29.762,-53.786
5483,-2.612802778,-56.19403611
5484,21.5,-99.5
5485,21.5,-99.5
5486,21.5,-99.5
5487,21.5,-99.5
5488,21.5,-99.5
5489,21.5,-99.5
5490,21.5,-99.5
5491,21.5,-99.5
5492,21.5,-99.5
5493,21.5,-99.5
5494,21.5,-99.5
5495,21.5,-99.5
5496,21.5,-99.5
5497,21.5,-99.5
5498,21.5,-99.5
5499,21.5,-99.5
5500,21.5,-99.5
5501,21.5,-99.5
5502,21.5,-99.5
5503,21.5,-99.5
5504,21.5,-99.5
5505,21.5,-99.5
5506,21.5,-99.5
5507,21.5,-99.5
5508,21.5,-99.5
5509,21.5,-99.5
5510,21.5,-99.5
5511,21.5,-99.5
5512,21.5,-99.5
5513,21.5,-99.5
5514,21.5,-99.5
5515,21.5,-99.5
5516,21.5,-99.5
5517,21.5,-99.5
5518,21.5,-99.5
5519,21.5,-99.5
5520,21.5,-99.5
5521,21.5,-99.5
5522,21.5,-99.5
5523,21.5,-99.5
5524,21.5,-99.5
5525,21.5,-99.5
5526,21.5,-99.5
5527,21.5,-99.5
5528,21.5,-99.5
5529,21.5,-99.5
5530,21.5,-99.5
5531,21.5,-99.5
5532,21.5,-99.5
5533,21.5,-99.5
5534,21.5,-99.5
5535,21.5,-99.5
5536,21.5,-99.5
5537,21.5,-99.5
5538,21.5,-99.5
5539,21.5,-99.5
5540,21.5,-99.5
5541,21.5,-99.5
5542,21.5,-99.5
5543,21.5,-99.5
5544,21.5,-99.5
5545,21.5,-99.5
5546,21.5,-99.5
5547,21.5,-99.5
5548,21.5,-99.5
5549,21.5,-99.5
5550,21.5,-99.5
5551,21.5,-99.5
5552,21.5,-99.5
5553,34.24722222,-101.16375
5554,34.24722222,-101.16375
5555,34.24722222,-101.16375
5556,34.24722222,-101.16375
5557,34.24722222,-101.16375
5558,34.24722222,-101.16375
5559,12.132796,-84.141015
5560,12.132796,-84.141015
5561,14.61128,-90.28376
5562,14.61128,-90.28376
5563,15.792925,-88.700743
5564,15.792925,-88.700743
5565,16.4124,-86.3182
5566,16.4124,-86.3182
5567,-2.44095,-54.7364
5568,-2.810932,-54.297888
5569,-4.890805556,-52.25261111
5570,-4.890861111,-52.25258333
5571,-4.89075,-52.25261111
5572,-4.890861111,-52.25258333
5573,-4.890861111,-52.25255556
5574,-4.890861111,-52.25258333
5575,-4.890861111,-52.25258333
5576,-4.890916667,-52.25261111
5577,-4.890861111,-52.25236111
5578,-4.890138889,-52.25194444
5579,-4.890833333,-52.25244444
5580,-4.890138889,-52.25194444
5581,-4.890138889,-52.25194444
5582,-4.890138889,-52.25194444
5583,-4.890138889,-52.25194444
5584,-4.890694444,-52.25213889
5585,-4.890722222,-52.25316667
5586,-4.890694444,-52.25311111
5587,-4.890722222,-52.25313889
5588,-4.890805556,-52.25305556
5589,-4.890722222,-52.25316667
5590,-4.89075,-52.25316667
5591,-4.890583333,-52.25302778
5592,-4.890861111,-52.25311111
5593,-4.891083333,-52.25322222
5594,-4.890722222,-52.25316667
5595,-4.89075,-52.25316667
5596,-4.890944444,-52.25322222
5597,-4.890722222,-52.25313889
5598,-4.890722222,-52.25316667
5599,-4.89075,-52.25316667
5600,-4.89075,-52.25316667
5601,-4.890944444,-52.25313889
5602,-4.891194444,-52.25336111
5603,-4.890972222,-52.25355556
5604,-4.890972222,-52.25355556
5605,-4.890944444,-52.25358333
5606,-4.890944444,-52.25358333
5607,-4.890944444,-52.25358333
5608,-4.890944444,-52.25358333
5609,-4.891416667,-52.25358333
5610,-4.890611111,-52.25255556
5611,-4.890916667,-52.25252778
5612,-4.89075,-52.25261111
5613,-4.89025,-52.25186111
5614,-4.890944444,-52.2525
5615,-4.890916667,-52.2525
5616,-4.890916667,-52.25252778
5617,-4.890277778,-52.25141667
5618,-4.893222222,-52.25491667
5619,-4.892888889,-52.2555
5620,-4.89325,-52.25475
5621,-4.892888889,-52.2555
5622,-4.892888889,-52.2555
5623,-4.892888889,-52.2555
5624,-4.892888889,-52.2555
5625,-4.892944444,-52.25525
5626,-4.890722222,-52.25255556
5627,-4.890805556,-52.2525
5628,-4.890694444,-52.25219444
5629,-4.890833333,-52.25247222
5630,-4.890888889,-52.25258333
5631,-4.890666667,-52.25211111
5632,-4.890833333,-52.2525
5633,-4.890694444,-52.25208333
5634,-4.890722222,-52.25208333
5635,-4.890333333,-52.25233333
5636,-4.890611111,-52.25186111
5637,-4.890333333,-52.25230556
5638,-4.890333333,-52.25230556
5639,-4.890333333,-52.25233333
5640,-4.890333333,-52.25233333
5641,-4.89075,-52.25227778
5642,-4.890722222,-52.25316667
5643,-4.89075,-52.25316667
5644,-4.89075,-52.25316667
5645,-4.890722222,-52.25313889
5646,-4.89075,-52.25313889
5647,-4.890722222,-52.25316667
5648,-4.89075,-52.25316667
5649,-4.89075,-52.25316667
5650,-4.890733333,-52.25318056
5651,-4.913283333,-52.25988333
5652,-4.913316667,-52.25985
5653,-4.913266667,-52.25985
5654,-4.91315,-52.26101667
5655,-4.91315,-52.26101667
5656,-4.9133,-52.25983333
5657,-4.91315,-52.26101667
5658,-4.91325,-52.25985
5659,-4.913283333,-52.25983333
5660,-4.913316667,-52.25985
5661,-4.913283333,-52.25983333
5662,-4.913283333,-52.25983333
5663,-4.913283333,-52.25983333
5664,-4.913566667,-52.26075
5665,-4.913283333,-52.25983333
5666,-4.913266667,-52.26165
5667,-4.913266667,-52.25985
5668,-4.91385,-52.26161667
5669,-4.913266667,-52.25985
5670,-4.91305,-52.26136667
5671,-4.913266667,-52.25985
5672,-4.913816667,-52.2613
5673,-4.913266667,-52.25985
5674,-4.913716667,-52.26141667
5675,-4.913283333,-52.25986667
5676,-4.913233333,-52.25988333
5677,-4.913283333,-52.25983333
5678,-4.914033333,-52.26143333
5679,-4.913133333,-52.26195
5680,-4.9129,-52.26326667
5681,-4.9124,-52.26361667
5682,-4.9124,-52.26361667
5683,-4.9124,-52.26361667
5684,-4.913266667,-52.25996667
5685,-4.913266667,-52.25985
5686,-4.91325,-52.25985
5687,-4.913266667,-52.25985
5688,-4.913266667,-52.25985
5689,-4.913283333,-52.25986667
5690,-4.913283333,-52.25983333
5691,-4.913266667,-52.25985
5692,-4.91285,-52.26051667
5693,-4.913266667,-52.25985
5694,-4.913266667,-52.25985
5695,-4.913516667,-52.26108333
5696,-4.913266667,-52.25985
5697,-4.913316667,-52.25958333
5698,-4.913283333,-52.25926667
5699,-4.91325,-52.25966667
5700,-4.913266667,-52.25965
5701,-4.9133,-52.25958333
5702,-4.91325,-52.25966667
5703,-4.913316667,-52.25968333
5704,-4.913283333,-52.25986667
5705,-4.913266667,-52.25985
5706,-4.913266667,-52.25985
5707,-4.913266667,-52.25985
5708,-4.913266667,-52.25985
5709,-4.914816667,-52.2623
5710,-4.9136,-52.26095
5711,-4.913197222,-52.25987778
5712,-4.913666667,-52.2608
5713,-4.913266667,-52.25985
5714,-4.913266667,-52.25985
5715,-4.913266667,-52.25985
5716,-4.913266667,-52.25985
5717,-4.91305,-52.26021667
5718,-4.9138,-52.2609
5719,-4.913266667,-52.25985
5720,-4.913816667,-52.2613
5721,-4.91385,-52.26093333
5722,-4.913283333,-52.25983333
5723,-4.913283333,-52.25983333
5724,-4.913283333,-52.25983333
5725,-4.913283333,-52.25983333
5726,-4.914633333,-52.26163333
5727,-4.91325,-52.25985
5728,-4.913283333,-52.25983333
5729,-4.91365,-52.26113333
5730,-4.363216667,-52.27986667
5731,-4.36315,-52.2797
5732,-4.36315,-52.27963333
5733,-4.363183333,-52.27976667
5734,-4.36315,-52.27968333
5735,-4.363233333,-52.27971667
5736,-4.363283333,-52.27971667
5737,-4.36315,-52.27968333
5738,-4.363233333,-52.27968333
5739,-4.363233333,-52.27961667
5740,-4.363466667,-52.28023333
5741,-4.363416667,-52.28023333
5742,-4.363216667,-52.27993333
5743,-4.363466667,-52.28035
5744,-4.36335,-52.28011667
5745,-4.36335,-52.28011667
5746,-4.363416667,-52.28033333
5747,-4.363333333,-52.28011667
5748,-4.363316667,-52.28
5749,-4.363966667,-52.27978333
5750,-4.36395,-52.27973333
5751,-4.363133333,-52.27951667
5752,-4.363133333,-52.27951667
5753,-4.363133333,-52.27951667
5754,-4.363133333,-52.27951667
5755,-4.363083333,-52.27953333
5756,-4.363433333,-52.28021667
5757,-4.363166667,-52.27968333
5758,-4.363216667,-52.28018333
5759,-4.363233333,-52.28006667
5760,-4.363833333,-52.27993333
5761,-4.363616667,-52.28003333
5762,-4.36325,-52.28013333
5763,-4.363233333,-52.28008333
5764,-4.363566667,-52.27973333
5765,-4.3637,-52.27955
5766,-4.363133333,-52.27928333
5767,-4.3637,-52.27956667
5768,-4.3631,-52.27936667
5769,-4.363233333,-52.27928333
5770,-4.363133333,-52.27931667
5771,-4.363366667,-52.2794
5772,-4.36335,-52.28013333
5773,-4.363266667,-52.28018333
5774,-4.363266667,-52.2802
5775,-4.363416667,-52.28041667
5776,-4.363416667,-52.28041667
5777,-4.36335,-52.28011667
5778,-4.363366667,-52.2804
5779,-4.36335,-52.28015
5780,-4.363416667,-52.27936667
5781,-4.363166667,-52.27925
5782,-4.363316667,-52.27881667
5783,-4.363383333,-52.27921667
5784,-4.363216667,-52.27928333
5785,-4.363233333,-52.27926667
5786,-4.363233333,-52.27928333
5787,-4.363383333,-52.27933333
5788,-4.363433333,-52.27955
5789,-4.363683333,-52.27863333
5790,-4.363933333,-52.27858333
5791,-4.363866667,-52.27863333
5792,-4.363916667,-52.27856667
5793,-4.363966667,-52.27868333
5794,-4.363866667,-52.2788
5795,-4.363916667,-52.27875
5796,-4.363883333,-52.27863333
5797,-4.363266667,-52.27958333
5798,-4.363166667,-52.27963333
5799,-4.363333333,-52.27856667
5800,-4.363316667,-52.27855
5801,-4.3634,-52.27848333
5802,-4.363383333,-52.27878333
5803,-4.36335,-52.27873333
5804,-4.363283333,-52.27986667
5805,-4.3633,-52.28013333
5806,-4.3632,-52.28018333
5807,-4.363233333,-52.28021667
5808,-4.363233333,-52.28021667
5809,-4.363466667,-52.28021667
5810,-4.363466667,-52.28016667
5811,-4.363483333,-52.28025
5812,-4.36325,-52.28013333
5813,-4.643666667,-52.29911667
5814,-4.643416667,-52.299
5815,-4.643416667,-52.299
5816,-4.643616667,-52.29925
5817,-4.6434,-52.29925
5818,-4.643566667,-52.299
5819,-4.643566667,-52.299
5820,-4.643633333,-52.29918333
5821,-4.643616667,-52.2992
5822,-4.6437,-52.29911667
5823,-4.6437,-52.29911667
5824,-4.643583333,-52.2992
5825,-4.6437,-52.29911667
5826,-4.643683333,-52.29935
5827,-4.64345,-52.2991
5828,-4.643583333,-52.29926667
5829,-4.6437,-52.29915
5830,-4.644,-52.29908333
5831,-4.643966667,-52.2991
5832,-4.643616667,-52.2992
5833,-4.6443,-52.3003
5834,-4.6443,-52.3003
5835,-4.644483333,-52.30006667
5836,-4.644483333,-52.30006667
5837,-4.6437,-52.29911667
5838,-4.6437,-52.29911667
5839,-4.643583333,-52.2992
5840,-4.6437,-52.29911667
5841,-4.6437,-52.29911667
5842,-4.6437,-52.29911667
5843,-4.6437,-52.29911667
5844,-4.6437,-52.29911667
5845,-4.8907,-52.2529
5846,-4.8907,-52.2529
5847,-4.8907,-52.2529
5848,-4.8907,-52.2529
5849,-4.8907,-52.2529
5850,-4.8907,-52.2529
5851,-4.8907,-52.2529
5852,-4.8907,-52.2529
5853,-4.8907,-52.2529
5854,-4.8907,-52.2529
5855,-4.6437,-52.2991
5856,-4.6437,-52.2991
5857,-4.6437,-52.2991
5858,-4.6437,-52.2991
5859,-4.9133,-52.2599
5860,-4.9133,-52.2599
5861,-4.9133,-52.2599
5862,-4.9133,-52.2599
5863,-4.9133,-52.2599
5864,-4.9133,-52.2599
5865,-4.9133,-52.2599
5866,-4.9133,-52.2599
5867,-4.9133,-52.2599
5868,-4.9133,-52.2599
5869,-4.2944,-52.2205
5870,-4.2944,-52.2205
5871,-4.2944,-52.2205
5872,-4.2944,-52.2205
5873,-4.2944,-52.2205
5874,-4.2944,-52.2205
5875,-4.2944,-52.2205
5876,-4.2944,-52.2205
5877,-4.2944,-52.2205
5878,-4.2944,-52.2205
5879,25.8318,-107.5714889
5880,0.910844444,-52.00825556
5881,0.910844444,-52.00825556
5882,-33.1,-64.41666667
5883,-33.1,-64.41666667
5884,-33.1,-64.41666667
5885,55.937,9.305
5886,55.937,9.305
5887,55.937,9.305
5888,55.937,9.305
5889,55.937,9.305
5890,55.937,9.305
5891,35.53333333,139.5
5892,35.53333333,139.5
5893,35.53333333,139.5
5894,35.53333333,139.5
5895,35.53333333,139.5
5896,35.53333333,139.5
5897,35.53333333,139.5
5898,35.53333333,139.5
5899,35.53333333,139.5
5900,35.53333333,139.5
5901,35.53333333,139.5
5902,35.53333333,139.5
5903,35.53333333,139.5
5904,35.53333333,139.5
5905,35.53333333,139.5
5906,35.53333333,139.5
5907,35.53333333,139.5
5908,35.53333333,139.5
5909,35.53333333,139.5
5910,35.53333333,139.5
5911,35.53333333,139.5
5912,35.53333333,139.5
5913,35.53333333,139.5
5914,35.53333333,139.5
5915,35.53333333,139.5
5916,35.53333333,139.5
5917,35.53333333,139.5
5918,35.53333333,139.5
5919,35.53333333,139.5
5920,35.53333333,139.5
5921,35.53333333,139.5
5922,35.53333333,139.5
5923,35.53333333,139.5
5924,35.53333333,139.5
5925,35.53333333,139.5
5926,35.53333333,139.5
5927,35.53333333,139.5
5928,35.53333333,139.5
5929,35.53333333,139.5
5930,35.53333333,139.5
5931,35.53333333,139.5
5932,35.53333333,139.5
5933,35.53333333,139.5
5934,35.53333333,139.5
5935,35.53333333,139.5
5936,35.53333333,139.5
5937,35.53333333,139.5
5938,35.53333333,139.5
5939,35.53333333,139.5
5940,35.53333333,139.5
5941,35.53333333,139.5
5942,35.53333333,139.5
5943,35.53333333,139.5
5944,35.53333333,139.5
5945,35.53333333,139.5
5946,35.53333333,139.5
5947,35.53333333,139.5
5948,35.53333333,139.5
5949,35.53333333,139.5
5950,35.53333333,139.5
5951,35.53333333,139.5
5952,35.53333333,139.5
5953,35.53333333,139.5
5954,35.53333333,139.5
5955,35.53333333,139.5
5956,35.53333333,139.5
5957,35.53333333,139.5
5958,35.53333333,139.5
5959,35.53333333,139.5
5960,35.53333333,139.5
5961,35.53333333,139.5
5962,35.53333333,139.5
5963,35.53333333,139.5
5964,35.53333333,139.5
5965,35.53333333,139.5
5966,35.53333333,139.5
5967,35.53333333,139.5
5968,35.53333333,139.5
5969,35.53333333,139.5
5970,35.53333333,139.5
5971,35.53333333,139.5
5972,35.53333333,139.5
5973,35.53333333,139.5
5974,35.53333333,139.5
5975,35.53333333,139.5
5976,35.53333333,139.5
5977,35.53333333,139.5
5978,35.53333333,139.5
5979,35.53333333,139.5
5980,35.53333333,139.5
5981,35.53333333,139.5
5982,35.53333333,139.5
5983,35.53333333,139.5
5984,35.53333333,139.5
5985,35.53333333,139.5
5986,35.53333333,139.5
5987,35.53333333,139.5
5988,35.53333333,139.5
5989,35.53333333,139.5
5990,35.53333333,139.5
5991,35.53333333,139.5
5992,35.53333333,139.5
5993,35.53333333,139.5
5994,35.53333333,139.5
5995,35.53333333,139.5
5996,35.53333333,139.5
5997,35.53333333,139.5
5998,35.53333333,139.5
5999,35.53333333,139.5
6000,37.85791,-121.76353
6001,37.85791,-121.76353
6002,37.85791,-121.76353
6003,37.85791,-121.76353
6004,37.85791,-121.76353
6005,37.85791,-121.76353
6006,37.85791,-121.76353
6007,37.85791,-121.76353
6008,37.85791,-121.76353
6009,37.85791,-121.76353
6010,37.85791,-121.76353
6011,37.85791,-121.76353
6012,37.85791,-121.76353
6013,37.85791,-121.76353
6014,37.85791,-121.76353
6015,37.85791,-121.76353
6016,37.85791,-121.76353
6017,37.85791,-121.76353
6018,37.85791,-121.76353
6019,37.85791,-121.76353
6020,37.85791,-121.76353
6021,37.85791,-121.76353
6022,37.85791,-121.76353
6023,37.85791,-121.76353
6024,37.85791,-121.76353
6025,37.85791,-121.76353
6026,37.85791,-121.76353
6027,37.85791,-121.76353
6028,37.85791,-121.76353
6029,37.85791,-121.76353
6030,37.85791,-121.76353
6031,37.85791,-121.76353
6032,37.85791,-121.76353
6033,37.85791,-121.76353
6034,37.85791,-121.76353
6035,37.85791,-121.76353
6036,37.85791,-121.76353
6037,37.85791,-121.76353
6038,37.85791,-121.76353
6039,37.85791,-121.76353
6040,37.85791,-121.76353
6041,37.85791,-121.76353
6042,37.85791,-121.76353
6043,37.85791,-121.76353
6044,37.85791,-121.76353
6045,37.85791,-121.76353
6046,37.85791,-121.76353
6047,37.85791,-121.76353
6048,37.85791,-121.76353
6049,37.85791,-121.76353
6050,37.85791,-121.76353
6051,37.85791,-121.76353
6052,41.08091667,31.80947222
6053,41.08091667,31.80947222
6054,41.08091667,31.80947222
6055,41.08091667,31.80947222
6056,41.08091667,31.80947222
6057,41.08091667,31.80947222
6058,41.08091667,31.80947222
6059,41.08091667,31.80947222
6060,41.08091667,31.80947222
6061,41.08091667,31.80947222
6062,41.08091667,31.80947222
6063,41.08091667,31.80947222
6064,41.08091667,31.80947222
6065,41.08091667,31.80947222
6066,41.08091667,31.80947222
6067,41.08091667,31.80947222
6068,41.08091667,31.80947222
6069,41.08091667,31.80947222
6070,41.08091667,31.80947222
6071,41.08091667,31.80947222
6072,41.08091667,31.80947222
6073,41.08091667,31.80947222
6074,41.08091667,31.80947222
6075,41.08091667,31.80947222
6076,41.08091667,31.80947222
6077,41.08091667,31.80947222
6078,41.08091667,31.80947222
6079,41.08091667,31.80947222
6080,41.08091667,31.80947222
6081,41.08091667,31.80947222
6082,47.71527778,19.02305556
6083,47.72666667,19.01611111
6084,47.71333333,19.04027778
6085,47.71166667,19.04444444
6086,31.43333333,105.75
6087,31.43333333,105.75
6088,31.48333333,105.75
6089,31.48333333,105.75
6090,30.8,106.1
6091,30.8,106.1
6092,44.82191,7.43792
6093,39.20499,8.38257
6094,16.16256,104.11349
6095,16.16256,104.11349
6096,66.95,10.41666667
6097,31.0988,121.1119
6098,31.0988,121.1119
6099,31.0988,121.1119
6100,31.0988,121.1119
6101,31.0988,121.1119
6102,31.0988,121.1119
6103,31.0988,121.1119
6104,31.0988,121.1119
6105,31.0988,121.1119
6106,31.0988,121.1119
6107,31.0988,121.1119
6108,31.0988,121.1119
6109,31.0988,121.1119
6110,31.0988,121.1119
6111,31.0988,121.1119
6112,31.0988,121.1119
6113,31.0988,121.1119
6114,31.0988,121.1119
6115,31.0988,121.1119
6116,31.0988,121.1119
6117,31.0988,121.1119
6118,31.0988,121.1119
6119,31.0988,121.1119
6120,31.0988,121.1119
6121,31.0988,121.1119
6122,31.0988,121.1119
6123,31.0988,121.1119
6124,31.0988,121.1119
6125,31.0988,121.1119
6126,31.0988,121.1119
6127,31.0988,121.1119
6128,31.0988,121.1119
6129,31.0988,121.1119
6130,31.0988,121.1119
6131,31.0988,121.1119
6132,31.0988,121.1119
6133,31.0988,121.1119
6134,31.0988,121.1119
6135,31.0988,121.1119
6136,31.0988,121.1119
6137,31.0988,121.1119
6138,31.0988,121.1119
6139,31.0988,121.1119
6140,31.0988,121.1119
6141,31.0988,121.1119
6142,31.0988,121.1119
6143,31.0988,121.1119
6144,31.0988,121.1119
6145,31.0988,121.1119
6146,31.0988,121.1119
6147,31.0988,121.1119
6148,31.0988,121.1119
6149,31.0988,121.1119
6150,31.0988,121.1119
6151,31.0988,121.1119
6152,31.0988,121.1119
6153,31.0988,121.1119
6154,31.0988,121.1119
6155,31.0988,121.1119
6156,31.0988,121.1119
6157,31.0988,121.1119
6158,31.0988,121.1119
6159,31.0988,121.1119
6160,31.0988,121.1119
6161,31.0988,121.1119
6162,31.0988,121.1119
6163,31.0988,121.1119
6164,31.0988,121.1119
6165,31.0988,121.1119
6166,31.0988,121.1119
6167,31.0988,121.1119
6168,31.0988,121.1119
6169,31.0988,121.1119
6170,31.0988,121.1119
6171,31.0988,121.1119
6172,31.0988,121.1119
6173,31.0988,121.1119
6174,31.0988,121.1119
6175,31.0988,121.1119
6176,31.0988,121.1119
6177,31.0988,121.1119
6178,31.0988,121.1119
6179,31.0988,121.1119
6180,31.0988,121.1119
6181,31.0988,121.1119
6182,31.0988,121.1119
6183,31.0988,121.1119
6184,31.0988,121.1119
6185,31.0988,121.1119
6186,31.0988,121.1119
6187,31.0988,121.1119
6188,31.0988,121.1119
6189,31.0988,121.1119
6190,31.0988,121.1119
6191,31.0988,121.1119
6192,31.0988,121.1119
6193,31.0988,121.1119
6194,31.0988,121.1119
6195,31.0988,121.1119
6196,31.0988,121.1119
6197,31.0988,121.1119
6198,31.0988,121.1119
6199,31.0988,121.1119
6200,31.0988,121.1119
6201,31.0988,121.1119
6202,31.0988,121.1119
6203,31.0988,121.1119
6204,31.0988,121.1119
6205,31.0988,121.1119
6206,31.0988,121.1119
6207,31.0988,121.1119
6208,31.0988,121.1119
6209,31.0988,121.1119
6210,31.0988,121.1119
6211,31.0988,121.1119
6212,31.0988,121.1119
6213,31.0988,121.1119
6214,31.0988,121.1119
6215,31.0988,121.1119
6216,31.0988,121.1119
6217,31.0988,121.1119
6218,31.0988,121.1119
6219,31.0988,121.1119
6220,31.0988,121.1119
6221,31.0988,121.1119
6222,31.0988,121.1119
6223,31.0988,121.1119
6224,31.0988,121.1119
6225,31.0988,121.1119
6226,31.0988,121.1119
6227,31.0988,121.1119
6228,31.0988,121.1119
6229,31.0988,121.1119
6230,31.0988,121.1119
6231,31.0988,121.1119
6232,31.0988,121.1119
6233,31.0988,121.1119
6234,31.0988,121.1119
6235,31.0988,121.1119
6236,31.0988,121.1119
6237,31.0988,121.1119
6238,31.0988,121.1119
6239,31.0988,121.1119
6240,31.0988,121.1119
6241,31.0988,121.1119
6242,31.0988,121.1119
6243,31.0988,121.1119
6244,31.0988,121.1119
6245,31.0988,121.1119
6246,31.0988,121.1119
6247,31.0988,121.1119
6248,31.0988,121.1119
6249,31.0988,121.1119
6250,31.0988,121.1119
6251,31.0988,121.1119
6252,31.0988,121.1119
6253,31.0988,121.1119
6254,31.0988,121.1119
6255,31.0988,121.1119
6256,31.0988,121.1119
6257,31.0988,121.1119
6258,31.0988,121.1119
6259,31.0988,121.1119
6260,31.0988,121.1119
6261,31.0988,121.1119
6262,31.0988,121.1119
6263,31.0988,121.1119
6264,31.0988,121.1119
6265,31.0988,121.1119
6266,31.0988,121.1119
6267,31.0988,121.1119
6268,31.0988,121.1119
6269,31.0988,121.1119
6270,31.0988,121.1119
6271,31.0988,121.1119
6272,31.0988,121.1119
6273,31.0988,121.1119
6274,36.445977,127.119412
6275,8.591666667,3.541666667
6276,8.591666667,3.541666667
6277,7.1,4.821568225
6278,7.097572016,4.815620727
6279,7.078353909,4.836990703
6280,15.784295,101.908235
6281,15.784295,101.908235
6282,6.008866667,102.42535
6283,40.5636,-6.1259
6284,40.5636,-6.1259
6285,48.5,19
6286,48.5,19
6287,48.5,19
6288,48.5,19
6289,6.008866667,102.42535
6290,36.41666667,104.3833333
6291,35.93333333,103.25
6292,36.41666667,104.3833333
6293,35.93333333,103.25
